mutation,site,wildtype,mutant,Nirsevimab-Fab escape,Nirsevimab-IgG escape,cell entry,region
Q26A,26,Q,A,0.04561,0.0796,-0.4133,region_I
Q26C,26,Q,C,0.11,0.03003,-0.9774,region_I
Q26D,26,Q,D,-0.08516,0.1004,-0.4475,region_I
Q26E,26,Q,E,0.4758,0.03745,-0.5315,region_I
Q26F,26,Q,F,-0.537,-0.3649,-0.9976,region_I
Q26H,26,Q,H,-0.7601,-0.2837,-1.169,region_I
Q26I,26,Q,I,-0.03932,0.08391,0.3206,region_I
Q26K,26,Q,K,-0.4478,-0.7139,-1.995,region_I
Q26L,26,Q,L,-0.3971,0.0495,-0.4844,region_I
Q26M,26,Q,M,-0.03098,-0.04842,-0.0743,region_I
Q26N,26,Q,N,-0.1468,-0.2274,-0.2522,region_I
Q26P,26,Q,P,-0.4751,0.3527,-1.577,region_I
Q26R,26,Q,R,-0.00827,-0.2367,-1.833,region_I
Q26S,26,Q,S,-1.078,0.02347,-1.472,region_I
Q26T,26,Q,T,0.03916,-0.1292,-1.442,region_I
Q26V,26,Q,V,0.702,0.1127,-0.2576,region_I
Q26W,26,Q,W,-0.04049,-0.0587,-1.278,region_I
Q26Y,26,Q,Y,-0.1224,-0.2028,-0.5721,region_I
N27D,27,N,D,-0.08226,-0.03981,-1.98,region_I
N27E,27,N,E,0.03502,-0.3076,-1.643,region_I
N27G,27,N,G,-0.0815,-0.4454,-1.452,region_I
N27H,27,N,H,-0.08702,-0.09196,-1.983,region_I
N27I,27,N,I,-0.3366,-0.2172,-1.49,region_I
N27K,27,N,K,0.4647,0.07114,-1.848,region_I
N27L,27,N,L,,-0.3906,-2.167,region_I
N27M,27,N,M,-1.208,0.2301,-2.09,region_I
N27Q,27,N,Q,,-0.4011,-1.872,region_I
N27T,27,N,T,0.08262,-0.2297,-1.135,region_I
N27V,27,N,V,-0.3199,0.2375,-1.692,region_I
N27W,27,N,W,-1.239,-0.5411,-2.268,region_I
N27Y,27,N,Y,,-0.5551,-2.418,region_I
I28F,28,I,F,0.04195,0.1906,-0.09915,region_I
I28L,28,I,L,0.05332,0.09543,0.322,region_I
I28M,28,I,M,0.2304,0.09793,-0.2204,region_I
I28Q,28,I,Q,0.01689,0.01731,-2.144,region_I
I28T,28,I,T,-1.383,0.09363,-1.693,region_I
I28V,28,I,V,0.04991,0.09905,-0.26,region_I
I28W,28,I,W,-0.1265,0.092,-1.11,region_I
T29D,29,T,D,-0.1588,-0.2125,-2.05,region_I
T29E,29,T,E,-0.0005227,-0.1843,-1.691,region_I
T29Q,29,T,Q,-0.3226,-0.3536,-1.962,region_I
T29R,29,T,R,-0.5991,0.3727,-1.216,region_I
T29S,29,T,S,-0.04751,0.07638,-0.0106,region_I
T29V,29,T,V,-0.1944,0.09959,-2.227,region_I
E31A,31,E,A,0.0407,-0.01661,-2.47,region_I
E31C,31,E,C,-0.1359,0.2745,-1.235,region_I
E31D,31,E,D,,-0.01522,-0.09454,region_I
E31F,31,E,F,-0.3683,0.1438,-1.78,region_I
E31H,31,E,H,0.006023,0.3404,-1.599,region_I
E31K,31,E,K,0.4,0.3393,-1.407,region_I
E31L,31,E,L,-0.8464,-0.7512,-2.292,region_I
E31M,31,E,M,,0.2069,-0.6922,region_I
E31N,31,E,N,0.5153,0.4742,-1.304,region_I
E31Q,31,E,Q,0.09199,-0.06362,-0.8729,region_I
E31R,31,E,R,-0.1236,-0.02287,-1.547,region_I
E31S,31,E,S,-0.09443,0.009255,-1.034,region_I
E31T,31,E,T,-0.09205,-0.4671,-0.9043,region_I
E31V,31,E,V,0.07382,0.01011,-1.17,region_I
E31W,31,E,W,0.2282,0.07702,-2.28,region_I
E31Y,31,E,Y,0.1166,-0.02066,-1.217,region_I
F32Y,32,F,Y,-0.5626,,-0.3383,region_I
Y33A,33,Y,A,-0.1087,0.4831,-1.798,region_I
Y33D,33,Y,D,-1.755,-0.5395,-2.252,region_I
Y33F,33,Y,F,,-0.193,0.2407,region_I
Y33H,33,Y,H,-0.2216,-0.02595,0.05115,region_I
Y33I,33,Y,I,,-0.1875,-0.3004,region_I
Y33K,33,Y,K,-0.006843,0.2245,-2.427,region_I
Y33M,33,Y,M,0.08867,0.08538,-0.06075,region_I
Y33N,33,Y,N,0.03579,-0.2564,-0.9496,region_I
Y33Q,33,Y,Q,0.06725,-0.4761,-0.7308,region_I
Y33R,33,Y,R,-0.175,-0.09042,-1.139,region_I
Y33S,33,Y,S,0.1664,-0.05495,-0.6527,region_I
Y33T,33,Y,T,0.4661,0.007935,-2.226,region_I
Y33V,33,Y,V,0.3667,-0.02936,-2.077,region_I
Y33W,33,Y,W,0.362,0.1824,-0.7474,region_I
Q34A,34,Q,A,0.06069,0.08067,-0.4539,region_I
Q34E,34,Q,E,-0.1342,-0.3465,-0.393,region_I
Q34G,34,Q,G,-0.06744,0.08857,-1.856,region_I
Q34H,34,Q,H,-0.4494,-0.1217,-1.595,region_I
Q34K,34,Q,K,-0.02849,0.2125,-0.7933,region_I
Q34L,34,Q,L,-0.4362,0.1688,-2.2,region_I
Q34R,34,Q,R,0.0564,0.4149,-0.0164,region_I
Q34S,34,Q,S,-0.1228,-0.108,-0.2586,region_I
Q34Y,34,Q,Y,,0.05201,-1.608,region_I
S35A,35,S,A,0.01076,0.1943,0.1347,region_I
S35D,35,S,D,-0.3404,0.1791,-0.4837,region_I
S35E,35,S,E,0.01474,-0.2173,-0.8197,region_I
S35G,35,S,G,0.1054,0.01907,-1.087,region_I
S35M,35,S,M,,-0.06203,-2.302,region_I
S35N,35,S,N,,0.2696,-1.444,region_I
S35P,35,S,P,0.8107,-0.0373,-1.111,region_I
S35Q,35,S,Q,0.4578,-0.3157,-1.025,region_I
S35T,35,S,T,0.1674,-0.282,-1.743,region_I
S35Y,35,S,Y,0.09456,-0.2115,-1.641,region_I
T36S,36,T,S,,-0.2769,-0.9133,region_I
S38A,38,S,A,0.3331,0.1203,-0.9236,region_I
S38D,38,S,D,-0.9808,,-2.021,region_I
A39C,39,A,C,-0.06468,0.0206,-0.6122,region_I
A39G,39,A,G,-0.1935,0.2796,-1.688,region_I
A39S,39,A,S,0.0544,0.02074,-0.4264,region_I
A39T,39,A,T,0.2357,0.1717,-1.788,region_I
A39V,39,A,V,0.02021,0.3383,-0.8869,region_I
V40A,40,V,A,0.02507,-0.08271,-0.9914,region_I
V40I,40,V,I,-0.3961,-0.1058,-0.4437,region_I
V40L,40,V,L,,0.01616,-1.085,region_I
V40M,40,V,M,-0.2043,-0.09903,-0.3669,region_I
V40Q,40,V,Q,,-0.1936,-2.401,region_I
V40T,40,V,T,-0.8046,0.326,-0.8203,region_I
S41A,41,S,A,-1.733,-0.0126,-0.6724,region_I
S41T,41,S,T,-0.01095,0.11,-0.8548,region_I
K42A,42,K,A,0.06367,0.04482,-0.2264,region_I
K42E,42,K,E,0.05662,0.03893,-0.1294,region_I
K42F,42,K,F,-0.07047,-0.07604,0.2229,region_I
K42G,42,K,G,,0.002738,-0.6507,region_I
K42H,42,K,H,-0.2327,-0.04854,-0.2345,region_I
K42I,42,K,I,-0.1535,-0.1466,-0.0349,region_I
K42L,42,K,L,0.02732,0.2069,-0.4664,region_I
K42M,42,K,M,-0.1763,-0.174,-0.3629,region_I
K42N,42,K,N,0.2539,-0.0555,-0.08732,region_I
K42Q,42,K,Q,0.2017,-0.02346,0.3783,region_I
K42R,42,K,R,0.04279,-0.1086,0.4145,region_I
K42S,42,K,S,0.06894,0.02778,0.6629,region_I
K42T,42,K,T,,-0.02501,0.2419,region_I
K42V,42,K,V,-0.4442,0.02729,-0.409,region_I
K42W,42,K,W,,-0.4829,-1.553,region_I
K42Y,42,K,Y,-1.114,-0.01022,0.3184,region_I
G43N,43,G,N,-0.1209,0.1957,-0.6284,region_I
Y44F,44,Y,F,-0.06683,-0.02681,-1.035,region_I
Y44W,44,Y,W,-0.3165,-0.1395,-1.331,region_I
L45A,45,L,A,-0.4082,-0.1214,-0.3468,region_I
L45C,45,L,C,-0.009411,-0.3644,-1.421,region_I
L45D,45,L,D,-0.2533,0.07923,-0.2796,region_I
L45E,45,L,E,-0.1994,-0.07999,0.1391,region_I
L45F,45,L,F,0.04561,0.02733,0.4536,region_I
L45H,45,L,H,-0.2754,0.04424,-1.441,region_I
L45I,45,L,I,-0.1048,0.1397,-0.5028,region_I
L45K,45,L,K,-0.06698,-0.06599,-2.416,region_I
L45M,45,L,M,0.102,-0.126,-0.6459,region_I
L45N,45,L,N,0.1765,-0.3066,-0.2963,region_I
L45Q,45,L,Q,-0.2997,-0.09674,-0.3412,region_I
L45S,45,L,S,-0.9785,0.1154,-0.2841,region_I
L45T,45,L,T,-0.05229,-0.9025,-0.6865,region_I
L45V,45,L,V,-0.01701,-0.07024,-0.2398,region_I
L45W,45,L,W,0.1639,0.02767,0.2713,region_I
L45Y,45,L,Y,0.175,-0.1577,-0.1311,region_I
A47C,47,A,C,-0.2116,-0.1549,-1.294,region_III
A47G,47,A,G,0.06396,-0.2172,-1.122,region_III
A47N,47,A,N,-1.762,,-2.421,region_III
A47S,47,A,S,0.00307,7.248e-05,-1.473,region_III
A47V,47,A,V,0.001877,-0.05234,-0.4688,region_III
L48M,48,L,M,0.0997,0.2093,-1.227,region_III
R49A,49,R,A,0.2961,-0.04467,-1.204,region_III
R49C,49,R,C,0.388,0.07817,-1.703,region_III
R49G,49,R,G,0.3038,0.4854,-1.238,region_III
R49H,49,R,H,0.004266,-0.3666,-2.076,region_III
R49K,49,R,K,-0.05603,0.1354,-1.51,region_III
R49L,49,R,L,-0.6477,-0.2375,-1.214,region_III
R49M,49,R,M,-0.5101,-0.4281,-1.617,region_III
R49Q,49,R,Q,-0.2665,-0.6434,-2.439,region_III
R49S,49,R,S,0.1049,0.1406,-2.259,region_III
R49V,49,R,V,0.2825,-0.006357,-1.161,region_III
T50S,50,T,S,-1.252,-0.4175,-2.287,region_III
T50W,50,T,W,-0.3358,-0.0344,-2.405,region_III
G51S,51,G,S,-0.3078,-0.5245,-2.269,region_III
W52Y,52,W,Y,0.06172,-0.2105,-1.52,region_III
Y53A,53,Y,A,-0.472,0.2084,-2.34,region_III
Y53C,53,Y,C,0.2759,-0.1127,-2.12,region_III
Y53F,53,Y,F,-0.09922,0.04049,1.021,region_III
Y53H,53,Y,H,-0.2104,0.0673,0.1415,region_III
Y53M,53,Y,M,0.04137,0.1198,0.4057,region_III
Y53Q,53,Y,Q,0.02592,0.2716,-0.5657,region_III
Y53S,53,Y,S,-0.1207,-0.2412,-0.5295,region_III
Y53T,53,Y,T,0.08695,0.05686,-1.09,region_III
Y53V,53,Y,V,-0.02418,0.2809,-1.872,region_III
T54E,54,T,E,0.08876,0.2812,-1.461,region_III
T54I,54,T,I,0.2584,-0.03439,-1.317,region_III
T54L,54,T,L,0.2662,-0.05636,-1.082,region_III
T54M,54,T,M,0.2831,-0.1338,-2.13,region_III
T54Q,54,T,Q,-0.2052,-0.2708,-1.902,region_III
T54V,54,T,V,-0.04662,-0.06627,-0.2135,region_III
S55A,55,S,A,0.07024,-0.02442,0.1125,region_V
S55C,55,S,C,-0.1168,0.06285,-0.4007,region_V
S55F,55,S,F,-0.17,-0.3512,-0.6565,region_V
S55G,55,S,G,0.2924,-0.06156,-0.1714,region_V
S55N,55,S,N,-0.7141,-0.09127,-0.995,region_V
S55P,55,S,P,0.1877,-0.118,-0.7784,region_V
S55T,55,S,T,0.3284,0.2947,0.03483,region_V
S55V,55,S,V,0.1394,0.08425,-1.498,region_V
S55Y,55,S,Y,0.1199,-0.2968,-1.722,region_V
V56I,56,V,I,0.03122,-0.1039,-0.09146,region_V
V56L,56,V,L,-0.4752,0.0843,-1.995,region_V
I57A,57,I,A,0.01333,0.1122,-0.06742,region_V
I57C,57,I,C,-0.06827,-0.09623,-1.483,region_V
I57H,57,I,H,-0.2464,-0.43,-2.316,region_V
I57L,57,I,L,-0.1998,0.2676,-0.4611,region_V
I57M,57,I,M,-1.076,0.16,-1.589,region_V
I57N,57,I,N,-0.04494,-0.09518,-2.292,region_V
I57Q,57,I,Q,-0.7794,-0.8653,-2.349,region_V
I57S,57,I,S,-0.01723,-0.1875,-2.078,region_V
I57T,57,I,T,-0.2102,0.004516,-1.675,region_V
I57V,57,I,V,0.06381,-0.1308,0.2318,region_V
T58A,58,T,A,0.02793,-0.2451,-0.5579,region_V
T58C,58,T,C,0.09955,0.1079,-0.1353,region_V
T58E,58,T,E,,-0.2894,-1.649,region_V
T58F,58,T,F,-0.07223,-0.3185,-2.104,region_V
T58G,58,T,G,-0.03266,-0.05731,-1.97,region_V
T58M,58,T,M,0.06442,-0.01456,-0.2448,region_V
T58N,58,T,N,-1.165,0.0684,-2.284,region_V
T58Q,58,T,Q,0.1186,-0.2969,-1.286,region_V
T58R,58,T,R,0.3148,0.08546,-2.425,region_V
T58S,58,T,S,,-0.04972,-1.301,region_V
T58V,58,T,V,,-0.04228,-1.406,region_V
T58Y,58,T,Y,-0.1086,-0.01294,-1.669,region_V
I59A,59,I,A,-0.3336,0.02382,-0.266,region_V
I59F,59,I,F,0.2653,0.06864,0.2844,region_V
I59G,59,I,G,0.1938,-0.2387,-1.623,region_V
I59H,59,I,H,-0.3714,0.2682,-2.491,region_V
I59L,59,I,L,0.3111,0.3203,-1.632,region_V
I59M,59,I,M,0.312,-0.1177,-0.1088,region_V
I59V,59,I,V,0.1752,-0.2201,-0.04893,region_V
I59Y,59,I,Y,0.0838,-0.07025,-0.08146,region_V
E60A,60,E,A,-0.1634,-0.04324,-0.02277,region_V
E60C,60,E,C,-0.9901,-0.5561,-1.388,region_V
E60D,60,E,D,0.02366,0.02286,0.4303,region_V
E60G,60,E,G,0.000238,-0.05064,0.5817,region_V
E60H,60,E,H,-0.1389,-0.001681,0.055,region_V
E60I,60,E,I,0.2867,0.1281,-1.516,region_V
E60K,60,E,K,-0.1278,0.4743,-1.155,region_V
E60M,60,E,M,-0.6145,-0.08271,-1.954,region_V
E60N,60,E,N,-0.1693,0.002447,-0.9141,region_V
E60P,60,E,P,-0.574,-0.2314,-0.1146,region_V
E60Q,60,E,Q,-0.05472,-0.1475,-0.1124,region_V
E60R,60,E,R,0.9013,-0.2086,-2.163,region_V
E60S,60,E,S,0.04106,-0.1889,-0.05713,region_V
E60T,60,E,T,-0.3049,0.1506,-1.31,region_V
E60V,60,E,V,0.4147,0.1613,-0.8296,region_V
E60W,60,E,W,,-0.04497,-1.867,region_V
E60Y,60,E,Y,-0.2037,-0.05458,-0.7385,region_V
L61F,61,L,F,-0.1982,0.1436,-0.05685,region_V
L61G,61,L,G,-1.321,-0.2964,-2.199,region_V
L61M,61,L,M,0.389,-0.09524,-0.5654,region_V
L61R,61,L,R,-0.1312,0.4162,-2.355,region_V
L61V,61,L,V,-0.02604,-0.2036,0.4856,region_V
L61W,61,L,W,0.09846,-0.3684,-0.8422,region_V
L61Y,61,L,Y,-0.01728,0.1112,0.6077,region_V
S62A,62,S,A,0.1513,-0.002101,-0.3843,region_V
S62C,62,S,C,-1.03,-0.2366,-2.056,region_V
S62G,62,S,G,-0.3667,-0.2971,-1.279,region_V
S62K,62,S,K,0.1603,0.3054,-1.253,region_V
S62M,62,S,M,-0.5252,0.1227,-2.45,region_V
S62P,62,S,P,-0.01277,-0.09233,-2.455,region_V
S62R,62,S,R,1.193,-0.1513,-0.04398,region_V
S62T,62,S,T,-0.2518,-0.1374,0.03912,region_V
S62V,62,S,V,-0.4048,0.1803,-2.422,region_V
S62Y,62,S,Y,0.07608,-0.1531,-1.927,region_V
N63A,63,N,A,0.3062,-0.0005616,0.161,region_0
N63C,63,N,C,-0.01631,-0.1334,-0.778,region_0
N63D,63,N,D,0.2555,0.08359,0.6695,region_0
N63E,63,N,E,-0.1273,0.17,0.9629,region_0
N63F,63,N,F,0.1065,0.04356,1.082,region_0
N63G,63,N,G,-0.009279,0.1741,-0.7823,region_0
N63H,63,N,H,-0.1316,-0.2578,-0.7067,region_0
N63I,63,N,I,0.2532,0.3539,1.056,region_0
N63K,63,N,K,-0.2062,0.01685,-0.9779,region_0
N63L,63,N,L,0.04111,0.008053,-0.145,region_0
N63M,63,N,M,-0.07149,0.007417,0.2894,region_0
N63P,63,N,P,-0.6873,0.05282,-2.147,region_0
N63Q,63,N,Q,-0.6616,-0.1195,-0.7858,region_0
N63R,63,N,R,-0.1089,0.09905,-1.59,region_0
N63S,63,N,S,-0.2912,-0.2581,0.1951,region_0
N63T,63,N,T,-0.1985,-0.03858,-0.7308,region_0
N63V,63,N,V,0.3193,0.2171,-0.004445,region_0
N63W,63,N,W,-0.4015,-0.01701,-1.403,region_0
N63Y,63,N,Y,-0.2865,-0.1737,0.2949,region_0
I64A,64,I,A,0.6522,0.1436,-0.717,region_0
I64E,64,I,E,1.152,-0.5193,-2.223,region_0
I64F,64,I,F,0.8094,0.02978,-0.188,region_0
I64G,64,I,G,0.1935,0.08244,-2.431,region_0
I64H,64,I,H,2.111,0.1742,-1.137,region_0
I64K,64,I,K,0.1948,-0.006881,-2.425,region_0
I64L,64,I,L,0.01925,-0.07495,-0.004665,region_0
I64M,64,I,M,-1.178,-0.149,-1.154,region_0
I64N,64,I,N,,-0.1473,-2.197,region_0
I64P,64,I,P,0.3681,0.1502,-1.773,region_0
I64Q,64,I,Q,1.467,0.4895,-1.135,region_0
I64S,64,I,S,1.614,-0.08429,-2.001,region_0
I64T,64,I,T,1.619,-0.04255,-0.6908,region_0
I64V,64,I,V,-0.1479,0.09118,-0.04608,region_0
I64W,64,I,W,0.6871,-0.2607,-0.8294,region_0
I64Y,64,I,Y,1.63,0.1119,-0.6043,region_0
K65A,65,K,A,0.5361,0.2608,-0.1528,region_0
K65C,65,K,C,-0.7812,-0.3914,-1.567,region_0
K65D,65,K,D,1.084,-0.1359,0.3432,region_0
K65E,65,K,E,0.3296,0.02748,0.9278,region_0
K65F,65,K,F,0.005484,0.007822,0.2807,region_0
K65G,65,K,G,0.8825,-0.04858,0.7023,region_0
K65H,65,K,H,0.2664,-0.1567,0.08722,region_0
K65I,65,K,I,0.09899,-0.02751,0.2298,region_0
K65L,65,K,L,-0.2844,-0.2229,-0.7734,region_0
K65M,65,K,M,0.0509,0.0116,0.2382,region_0
K65N,65,K,N,-0.06858,-0.04552,0.5094,region_0
K65P,65,K,P,1.365,-0.01139,0.4206,region_0
K65Q,65,K,Q,-0.2528,-0.2474,0.4248,region_0
K65R,65,K,R,0.1703,-0.1617,-0.4207,region_0
K65S,65,K,S,0.0815,0.03426,0.7263,region_0
K65T,65,K,T,0.3343,-0.08861,0.9651,region_0
K65V,65,K,V,-0.5529,-0.255,-0.4069,region_0
K65W,65,K,W,-0.2836,-0.1924,-0.1278,region_0
K65Y,65,K,Y,0.2984,-0.2295,-0.7459,region_0
E66A,66,E,A,-0.4373,0.08411,-1.837,region_0
E66D,66,E,D,-0.1654,0.1552,-0.0005,region_0
E66F,66,E,F,-0.1151,-0.1653,-1.51,region_0
E66G,66,E,G,-0.09203,0.114,-0.532,region_0
E66H,66,E,H,0.1228,0.1008,-0.8697,region_0
E66I,66,E,I,-0.7329,-0.2631,-2.173,region_0
E66L,66,E,L,-1.332,-0.2422,-2.467,region_0
E66M,66,E,M,-0.06352,-0.4415,-1.548,region_0
E66N,66,E,N,-0.09126,-0.1253,-0.9002,region_0
E66P,66,E,P,-0.3311,-0.625,-2.096,region_0
E66Q,66,E,Q,-0.7367,-0.3624,-1.258,region_0
E66S,66,E,S,-0.7326,0.2826,-0.5792,region_0
E66T,66,E,T,-0.2744,-0.1529,-1.286,region_0
E66V,66,E,V,-0.3924,0.1059,-1.053,region_0
E66W,66,E,W,-0.634,0.1562,-1.468,region_0
E66Y,66,E,Y,-0.06742,0.03437,-0.7555,region_0
N67A,67,N,A,1.178,0.4518,0.3874,region_0
N67C,67,N,C,0.5603,-0.3926,-0.7647,region_0
N67D,67,N,D,0.4793,0.2126,0.07865,region_0
N67E,67,N,E,1.538,0.003001,1.09,region_0
N67F,67,N,F,0.3526,-0.5097,-2.393,region_0
N67G,67,N,G,0.5145,-0.2367,-0.6769,region_0
N67H,67,N,H,0.245,0.2274,0.09765,region_0
N67I,67,N,I,0.122,-0.1186,-1.195,region_0
N67K,67,N,K,0.2518,0.3541,-0.2965,region_0
N67M,67,N,M,0.415,-0.1144,-0.1787,region_0
N67P,67,N,P,-0.387,0.1196,-0.04645,region_0
N67Q,67,N,Q,0.5426,0.1969,0.3269,region_0
N67R,67,N,R,-0.1774,0.08726,-0.4222,region_0
N67S,67,N,S,0.3289,0.09432,0.3335,region_0
N67T,67,N,T,1.413,-0.003347,0.9107,region_0
N67V,67,N,V,0.5108,-0.1709,-0.006745,region_0
N67W,67,N,W,-0.06114,0.4022,-2.103,region_0
N67Y,67,N,Y,1.32,0.1769,-0.3456,region_0
K68A,68,K,A,1.192,0.08408,0.5828,region_0
K68D,68,K,D,0.3751,0.3794,-0.3137,region_0
K68E,68,K,E,1.231,0.356,-0.09711,region_0
K68F,68,K,F,1.539,0.4671,0.1008,region_0
K68G,68,K,G,0.2889,0.1419,0.2667,region_0
K68H,68,K,H,0.1216,0.1973,-0.1908,region_0
K68I,68,K,I,2.469,0.3631,-0.2448,region_0
K68L,68,K,L,1.994,0.4453,-0.1806,region_0
K68M,68,K,M,0.4964,0.2396,-0.3851,region_0
K68N,68,K,N,0.5055,-0.1832,0.2828,region_0
K68P,68,K,P,3.092,0.3406,-0.5191,region_0
K68Q,68,K,Q,0.5722,-0.06815,0.9148,region_0
K68R,68,K,R,0.2435,-0.04371,-0.1113,region_0
K68S,68,K,S,0.7099,0.1703,0.2649,region_0
K68T,68,K,T,0.9709,0.1346,0.1256,region_0
K68V,68,K,V,2.234,0.6526,-0.1275,region_0
K68W,68,K,W,1.962,0.08246,-0.6303,region_0
K68Y,68,K,Y,1.632,0.1488,-0.404,region_0
N70A,70,N,A,-0.5912,-0.09509,-2.033,region_0
N70D,70,N,D,-0.1455,0.2535,-1.367,region_0
N70F,70,N,F,-0.9417,0.1313,-2.359,region_0
N70G,70,N,G,0.03694,0.1975,-2.027,region_0
N70H,70,N,H,-1.191,-0.4521,-1.66,region_0
N70K,70,N,K,-0.3366,-0.006501,-1.667,region_0
N70L,70,N,L,-0.08158,0.04945,-2.06,region_0
N70Q,70,N,Q,-0.3296,0.4483,-2.006,region_0
N70R,70,N,R,0.2752,-0.8205,-2.214,region_0
N70S,70,N,S,-0.927,-0.1654,-2.29,region_0
N70T,70,N,T,,-0.1064,-1.823,region_0
N70V,70,N,V,0.1994,0.0179,-1.941,region_0
G71A,71,G,A,,-0.6312,-0.9176,region_0
G71D,71,G,D,0.0503,-0.1709,0.4009,region_0
G71F,71,G,F,-0.2199,0.391,-2.181,region_0
G71H,71,G,H,0.05733,0.05394,-0.5728,region_0
G71I,71,G,I,-0.3191,0.01353,-0.9163,region_0
G71K,71,G,K,0.9736,0.614,0.7125,region_0
G71L,71,G,L,-0.2248,-0.3404,-1.279,region_0
G71M,71,G,M,-0.3169,-0.3496,-1.706,region_0
G71N,71,G,N,-0.003679,-0.0684,-1.006,region_0
G71P,71,G,P,-0.9674,-0.3848,-2.433,region_0
G71Q,71,G,Q,-0.1095,-0.2471,-1.067,region_0
G71R,71,G,R,0.8857,0.8491,0.6604,region_0
G71S,71,G,S,0.1772,0.07259,0.4728,region_0
G71T,71,G,T,-0.1339,0.07425,-0.2262,region_0
G71V,71,G,V,-0.213,-0.1157,-0.4247,region_0
G71Y,71,G,Y,0.02185,-0.1125,-1.616,region_0
T72F,72,T,F,-0.48,0.008854,-2.298,region_0
T72K,72,T,K,-0.1989,-0.2184,-2.095,region_0
T72M,72,T,M,,-0.02584,-2.401,region_0
T72P,72,T,P,-0.9482,0.01482,-2.478,region_0
T72R,72,T,R,-0.1185,-0.2706,-2.139,region_0
T72S,72,T,S,-0.1432,-0.05782,-0.4291,region_0
D73A,73,D,A,-0.02816,0.4332,-0.5555,region_0
D73E,73,D,E,,-0.4099,-0.368,region_0
D73H,73,D,H,-0.4795,-0.174,-0.9019,region_0
D73I,73,D,I,-0.4162,,-2.081,region_0
D73K,73,D,K,1.097,0.08833,-1.097,region_0
D73L,73,D,L,0.6673,0.3574,-2.178,region_0
D73M,73,D,M,0.06063,0.006255,-1.593,region_0
D73N,73,D,N,1.394,0.6357,-0.07057,region_0
D73P,73,D,P,0.3997,0.2411,-1.986,region_0
D73R,73,D,R,-0.6049,,-2.071,region_0
D73S,73,D,S,1.316,0.5638,0.3567,region_0
D73T,73,D,T,1.791,0.2759,-0.1008,region_0
D73V,73,D,V,,-0.01456,-2.072,region_0
D73Y,73,D,Y,-0.03593,-0.1802,-2.45,region_0
A74H,74,A,H,-0.1803,0.2665,-0.9659,region_0
A74K,74,A,K,1.01,0.5531,0.9152,region_0
A74L,74,A,L,-0.01246,0.1716,0.1028,region_0
A74P,74,A,P,0.05183,-0.02433,-0.3621,region_0
A74Q,74,A,Q,0.008801,0.001058,0.05541,region_0
A74R,74,A,R,,0.3916,0.7587,region_0
A74S,74,A,S,-0.04781,-0.01523,-0.4464,region_0
A74T,74,A,T,0.3583,0.01686,0.5253,region_0
A74V,74,A,V,0.3477,-0.1091,0.2798,region_0
A74W,74,A,W,0.1547,0.2992,-1.954,region_0
K75F,75,K,F,-1.041,-0.09238,-2.447,region_0
K75I,75,K,I,-0.04186,-0.279,-0.3851,region_0
K75L,75,K,L,-0.03457,-0.03336,-0.8891,region_0
K75M,75,K,M,-0.6883,-0.25,-1.994,region_0
K75R,75,K,R,-0.0782,-0.04703,0.393,region_0
K75T,75,K,T,-1.644,0.009897,-2.215,region_0
K75V,75,K,V,-0.04681,-0.009779,-0.342,region_0
V76A,76,V,A,0.3936,-0.2511,-1.526,region_0
V76D,76,V,D,0.06081,-0.1647,-0.008117,region_0
V76E,76,V,E,-0.03048,-0.2291,1.023,region_0
V76F,76,V,F,-0.7941,-0.05927,-0.747,region_0
V76G,76,V,G,-0.4426,0.07133,-0.2112,region_0
V76H,76,V,H,-0.3212,-0.009521,-1.673,region_0
V76I,76,V,I,0.01505,-0.3381,-0.1196,region_0
V76K,76,V,K,0.3553,0.2067,-2.014,region_0
V76L,76,V,L,-0.1388,-0.02652,-0.112,region_0
V76M,76,V,M,0.1817,-0.09845,-0.5784,region_0
V76N,76,V,N,-1.094,-0.5784,-1.994,region_0
V76Q,76,V,Q,0.1027,0.04036,-0.3865,region_0
V76R,76,V,R,-0.6186,-0.5775,-1.552,region_0
V76S,76,V,S,0.04035,-0.3543,-0.3617,region_0
V76T,76,V,T,-1.039,-0.1067,-0.5088,region_0
V76W,76,V,W,-0.07253,-0.1734,-0.07675,region_0
K77A,77,K,A,-1.566,-0.09168,-0.5141,region_0
K77E,77,K,E,0.2375,0.1277,-0.5099,region_0
K77G,77,K,G,-0.04444,0.0127,-0.7865,region_0
K77H,77,K,H,,-0.4085,-1.328,region_0
K77L,77,K,L,-0.3486,-0.00519,-2.497,region_0
K77M,77,K,M,-0.8204,-0.4661,-0.6823,region_0
K77N,77,K,N,-0.2626,-0.3118,-1.536,region_0
K77Q,77,K,Q,-0.7017,-0.254,-1.355,region_0
K77R,77,K,R,0.005425,-0.3595,-0.06912,region_0
K77T,77,K,T,-0.3397,-0.3101,-1.304,region_0
K77V,77,K,V,-0.3257,-0.1394,-1.565,region_0
K77W,77,K,W,-0.2803,-0.4569,0.0343,region_0
K77Y,77,K,Y,-0.4688,-0.6096,-2.151,region_0
L78M,78,L,M,-0.3683,-0.1237,-2.266,region_0
I79F,79,I,F,0.07867,-0.2256,-0.4606,region_0
I79L,79,I,L,-0.01077,-0.2907,0.3779,region_0
I79M,79,I,M,-0.1014,0.03684,0.3041,region_0
I79T,79,I,T,-0.202,-0.4006,-2.141,region_0
I79V,79,I,V,-0.8642,-0.006869,-0.5202,region_0
I79W,79,I,W,-0.1267,0.2962,-0.6853,region_0
I79Y,79,I,Y,-0.03808,-0.2172,0.3942,region_0
N80A,80,N,A,-0.4976,-0.2632,0.00632,region_0
N80E,80,N,E,-0.1618,-0.1187,-1.553,region_0
N80F,80,N,F,0.1345,0.08409,-0.1968,region_0
N80G,80,N,G,-0.05967,-0.1553,-0.5049,region_0
N80H,80,N,H,-0.3127,0.3312,-0.735,region_0
N80I,80,N,I,-0.0492,-0.3824,0.2021,region_0
N80K,80,N,K,-0.5607,-0.6652,-1.005,region_0
N80L,80,N,L,0.05601,-0.1859,-0.9735,region_0
N80M,80,N,M,0.3162,-0.2284,-0.4621,region_0
N80Q,80,N,Q,-0.3951,0.05501,-0.89,region_0
N80R,80,N,R,-0.2765,-0.01902,-0.6528,region_0
N80S,80,N,S,-0.1259,-0.1359,0.4739,region_0
N80T,80,N,T,0.07942,-0.0003695,-1.484,region_0
N80V,80,N,V,0.1636,-0.2469,-0.4249,region_0
N80W,80,N,W,-0.02962,0.1606,-0.9623,region_0
N80Y,80,N,Y,0.03097,-0.0002944,-0.6895,region_0
Q81A,81,Q,A,-0.1679,0.1706,0.1532,region_0
Q81C,81,Q,C,-0.0246,-0.1755,0.3888,region_0
Q81E,81,Q,E,-0.1866,-0.1483,0.3943,region_0
Q81F,81,Q,F,-0.3105,-0.3673,1.104,region_0
Q81G,81,Q,G,-0.6927,-0.07739,-0.4779,region_0
Q81H,81,Q,H,0.1991,-0.07657,1.374,region_0
Q81I,81,Q,I,,0.5447,-0.5046,region_0
Q81K,81,Q,K,0.06194,-0.3985,-0.3921,region_0
Q81L,81,Q,L,0.07786,0.1321,0.9073,region_0
Q81M,81,Q,M,-0.003094,0.09248,0.8459,region_0
Q81N,81,Q,N,-0.1547,-0.03178,0.4677,region_0
Q81R,81,Q,R,-0.2714,0.2615,-0.5334,region_0
Q81S,81,Q,S,-0.1971,-0.1957,-0.296,region_0
Q81T,81,Q,T,0.1125,0.03818,0.4865,region_0
Q81V,81,Q,V,0.2279,-0.139,0.9872,region_0
Q81W,81,Q,W,-0.1677,-0.2228,-0.7837,region_0
Q81Y,81,Q,Y,-0.04564,-0.08837,0.767,region_0
L83F,83,L,F,-0.5959,0.0284,1.012,region_0
L83I,83,L,I,-0.0143,-0.1126,-0.2026,region_0
L83M,83,L,M,0.4974,0.1175,0.05592,region_0
L83V,83,L,V,-0.3817,0.02556,-1.745,region_0
L83W,83,L,W,0.06196,-0.2797,-0.4012,region_0
D84A,84,D,A,0.06679,0.08674,-1.268,region_0
D84C,84,D,C,-0.5533,0.3604,-0.7951,region_0
D84E,84,D,E,0.1052,-0.05153,-0.2181,region_0
D84F,84,D,F,0.2328,0.2034,-1.644,region_0
D84G,84,D,G,0.09569,-0.105,-1.014,region_0
D84H,84,D,H,-0.2205,-0.001903,-1.177,region_0
D84I,84,D,I,,-0.103,-0.6837,region_0
D84M,84,D,M,-0.4932,-0.2174,-1.058,region_0
D84N,84,D,N,0.0778,0.1251,-0.6211,region_0
D84Q,84,D,Q,-0.5754,,-1.276,region_0
D84S,84,D,S,-0.07594,0.06167,-0.8707,region_0
D84T,84,D,T,0.008017,0.0912,-0.2087,region_0
D84V,84,D,V,0.06292,-0.02328,-0.413,region_0
D84W,84,D,W,,0.1714,-2.343,region_0
D84Y,84,D,Y,-0.09535,-0.1431,-1.164,region_0
K85A,85,K,A,-0.1331,-0.2365,-0.2612,region_0
K85C,85,K,C,-0.2481,-0.1511,-2.003,region_0
K85D,85,K,D,0.03298,-0.2196,1.598,region_0
K85E,85,K,E,-0.04184,-0.1239,1.065,region_0
K85F,85,K,F,-0.3519,-0.1995,0.2369,region_0
K85H,85,K,H,-0.3198,0.1224,0.7188,region_0
K85M,85,K,M,-2.527,,-2.466,region_0
K85N,85,K,N,0.1481,-0.1718,0.6814,region_0
K85Q,85,K,Q,-0.1602,-0.09833,0.2849,region_0
K85R,85,K,R,-0.1204,0.006456,-1.324,region_0
K85S,85,K,S,-0.4134,-0.01226,-0.182,region_0
K85T,85,K,T,-0.4101,-0.7827,-2.393,region_0
K85W,85,K,W,0.1473,0.02358,-1.673,region_0
K85Y,85,K,Y,-0.005699,-0.08719,1.5,region_0
Y86I,86,Y,I,-1.2,-0.4011,-1.919,region_0
K87A,87,K,A,-0.04363,-0.2882,-0.01612,region_0
K87C,87,K,C,-0.1996,-0.1253,0.8133,region_0
K87D,87,K,D,0.04161,0.1421,0.9618,region_0
K87E,87,K,E,0.1633,0.6043,0.4201,region_0
K87F,87,K,F,,-0.05523,-0.8262,region_0
K87G,87,K,G,0.07185,-0.07277,-0.372,region_0
K87H,87,K,H,0.002985,-0.3053,-0.8731,region_0
K87I,87,K,I,0.1079,0.05828,-0.3906,region_0
K87L,87,K,L,-0.0931,-0.183,-0.04059,region_0
K87M,87,K,M,0.01903,0.000791,1.258,region_0
K87N,87,K,N,0.3374,-0.125,0.9248,region_0
K87R,87,K,R,-0.186,0.005859,-1.046,region_0
K87S,87,K,S,0.1054,-0.06002,0.3484,region_0
K87T,87,K,T,0.02729,-0.1495,0.5332,region_0
K87V,87,K,V,0.2393,0.166,0.5363,region_0
K87W,87,K,W,-0.5231,-0.03988,-1.482,region_0
K87Y,87,K,Y,-0.0007511,-0.1947,0.4381,region_0
N88A,88,N,A,0.2646,0.1787,0.4387,region_0
N88D,88,N,D,0.194,-0.05885,0.5887,region_0
N88E,88,N,E,0.1687,0.1702,0.4216,region_0
N88G,88,N,G,0.3761,0.0001799,0.3766,region_0
N88H,88,N,H,,0.08905,-2.163,region_0
N88L,88,N,L,-0.07148,0.3108,-1.175,region_0
N88Q,88,N,Q,-0.07635,0.1487,-0.5341,region_0
N88R,88,N,R,-0.244,-0.2828,-1.381,region_0
N88T,88,N,T,-0.0698,0.06937,1.153,region_0
N88V,88,N,V,0.2746,,-1.181,region_0
A89C,89,A,C,-0.02319,0.2235,-0.439,region_0
V90A,90,V,A,0.2113,-0.1242,-1.183,region_0
V90E,90,V,E,-0.108,-0.3159,-1.416,region_0
V90F,90,V,F,-0.2602,-0.03025,0.9123,region_0
V90I,90,V,I,-0.08742,0.1379,0.5712,region_0
V90K,90,V,K,0.3555,-0.4676,-2.323,region_0
V90L,90,V,L,-0.3093,-0.2392,-0.2363,region_0
V90M,90,V,M,-0.05055,-0.2756,0.5487,region_0
V90N,90,V,N,0.01068,0.1497,-0.6765,region_0
V90Q,90,V,Q,0.5833,-0.05323,-0.5106,region_0
V90R,90,V,R,0.08069,0.1147,-2.141,region_0
V90W,90,V,W,-0.1769,-0.05909,0.7088,region_0
V90Y,90,V,Y,0.05237,-0.1934,0.9538,region_0
T91A,91,T,A,0.5517,0.02878,-0.8108,region_0
T91C,91,T,C,-0.8104,0.1226,-0.08842,region_0
T91D,91,T,D,-0.03781,-0.1118,0.5945,region_0
T91G,91,T,G,-0.22,0.05881,-0.2054,region_0
T91H,91,T,H,-0.05184,-0.1942,-0.2933,region_0
T91I,91,T,I,0.06662,-0.09953,-0.1401,region_0
T91K,91,T,K,,-0.3459,-0.12,region_0
T91L,91,T,L,-0.001767,-0.06293,-0.2019,region_0
T91M,91,T,M,-0.08311,0.1492,-0.3725,region_0
T91N,91,T,N,0.08396,0.1686,-0.09561,region_0
T91R,91,T,R,-0.0162,0.1533,0.07483,region_0
T91S,91,T,S,-0.1111,-0.01862,-0.0997,region_0
T91V,91,T,V,0.1681,0.1641,-0.1432,region_0
T91W,91,T,W,-0.01928,0.1827,-0.3176,region_0
T91Y,91,T,Y,-0.01552,0.1165,-0.08159,region_0
L93A,93,L,A,-0.1177,-0.2264,-0.8701,region_0
L93C,93,L,C,,-0.03372,-1.755,region_0
L93M,93,L,M,0.3128,-0.01363,-0.7414,region_0
L93S,93,L,S,-1.552,,-2.429,region_0
Q94A,94,Q,A,-0.0797,0.2794,-0.0401,region_0
Q94C,94,Q,C,,-0.05112,-0.4301,region_0
Q94D,94,Q,D,0.2017,0.1235,0.9296,region_0
Q94E,94,Q,E,0.04037,0.03228,0.9339,region_0
Q94F,94,Q,F,0.5154,0.1779,-1.068,region_0
Q94H,94,Q,H,-0.7029,-0.1727,-1.854,region_0
Q94K,94,Q,K,-0.06637,0.2542,-0.4554,region_0
Q94M,94,Q,M,0.03301,0.05938,0.391,region_0
Q94R,94,Q,R,-0.1645,-0.108,-1.15,region_0
Q94T,94,Q,T,0.09359,0.002344,-0.643,region_0
Q94W,94,Q,W,,-0.4473,-1.002,region_0
L95A,95,L,A,,-0.1658,-0.7576,region_0
L95C,95,L,C,0.208,-0.05765,-1.409,region_0
L95F,95,L,F,-0.8191,0.07395,-1.978,region_0
L95I,95,L,I,0.1472,0.4888,-0.1241,region_0
L95R,95,L,R,,0.02951,-0.7091,region_0
L95S,95,L,S,0.498,-0.4015,-0.7897,region_0
L96E,96,L,E,-0.1616,,-1.265,region_0
L96M,96,L,M,-0.3061,-0.4893,-1.17,region_0
L96N,96,L,N,,-0.1124,-1.851,region_0
L96S,96,L,S,-0.3822,-0.2191,-1.952,region_0
L96T,96,L,T,,-0.3242,-2.37,region_0
L96W,96,L,W,,-0.3436,-2.114,region_0
M97A,97,M,A,-0.21,0.1416,-0.701,none
M97C,97,M,C,-0.3123,-0.003037,-0.6291,none
M97D,97,M,D,-1.025,-0.4486,-2.085,none
M97F,97,M,F,-0.1395,-0.2798,-0.2695,none
M97G,97,M,G,-0.2369,-0.1438,-1.315,none
M97I,97,M,I,-0.4316,-0.438,-2.4,none
M97S,97,M,S,-0.1701,-0.03414,-0.6188,none
M97T,97,M,T,-0.06972,0.07945,-1.747,none
M97V,97,M,V,0.02267,-0.04892,0.2954,none
M97W,97,M,W,0.3299,0.1396,-1.255,none
M97Y,97,M,Y,0.4565,0.1936,-1.312,none
Q98A,98,Q,A,-0.002146,-0.45,-0.3619,none
Q98C,98,Q,C,0.02721,0.09863,-0.5184,none
Q98D,98,Q,D,0.2003,0.05541,0.5022,none
Q98E,98,Q,E,-0.3907,-0.062,0.2844,none
Q98F,98,Q,F,0.1501,0.1025,0.6939,none
Q98G,98,Q,G,0.03675,0.1599,0.309,none
Q98H,98,Q,H,0.06939,0.05287,-0.1686,none
Q98I,98,Q,I,0.2228,0.02437,0.08708,none
Q98K,98,Q,K,-0.07607,-0.07006,-0.4867,none
Q98L,98,Q,L,-0.1012,-0.3188,-1.233,none
Q98M,98,Q,M,0.2295,-0.06553,0.5697,none
Q98N,98,Q,N,0.1009,0.0246,1.52,none
Q98P,98,Q,P,0.1363,-0.6024,-1.77,none
Q98R,98,Q,R,-0.3454,-0.09316,-1.102,none
Q98S,98,Q,S,0.0803,-0.0567,-0.1388,none
Q98T,98,Q,T,-0.002533,0.06033,0.1727,none
Q98V,98,Q,V,0.0981,5.427e-05,-0.1626,none
Q98W,98,Q,W,0.02895,-0.01865,0.2867,none
Q98Y,98,Q,Y,0.1046,0.2082,-0.4466,none
S99A,99,S,A,-0.6477,-0.1495,-0.3746,none
S99E,99,S,E,-0.3779,0.08679,-2.264,none
S99G,99,S,G,-0.1302,-0.07802,-1.92,none
S99M,99,S,M,-0.6203,0.165,-0.3479,none
S99T,99,S,T,-0.3155,0.2219,-1.811,none
S99W,99,S,W,-0.3232,0.06511,-2.011,none
T100A,100,T,A,0.09858,0.1279,0.04966,none
T100C,100,T,C,,-0.9156,-1.103,none
T100D,100,T,D,0.1923,-0.1878,-0.7558,none
T100F,100,T,F,-0.02604,0.3534,0.00845,none
T100H,100,T,H,-0.4319,-0.4171,-0.4014,none
T100I,100,T,I,-0.06368,0.3996,-0.608,none
T100K,100,T,K,0.02523,0.1444,0.08677,none
T100L,100,T,L,0.05245,0.05474,-0.9846,none
T100M,100,T,M,-0.6773,-0.2071,-2.484,none
T100N,100,T,N,-0.1167,-0.0215,0.5817,none
T100Q,100,T,Q,0.08049,-0.07844,-0.6773,none
T100R,100,T,R,-0.04114,-0.03019,-0.881,none
T100S,100,T,S,-0.3713,-0.1226,0.5721,none
T100Y,100,T,Y,-0.2107,0.001614,-0.08915,none
T101A,101,T,A,-0.4513,0.08713,-1.411,none
T101C,101,T,C,0.002725,-0.07626,-0.6339,none
T101D,101,T,D,-0.1937,-0.2284,-1.413,none
T101E,101,T,E,-0.05521,0.05414,-0.2591,none
T101F,101,T,F,-0.06907,0.05951,0.0539,none
T101G,101,T,G,-0.05091,-0.0001712,0.3136,none
T101H,101,T,H,0.03456,0.09102,0.1257,none
T101I,101,T,I,-0.2579,-0.009842,-0.4492,none
T101K,101,T,K,-0.1204,0.1669,-0.6639,none
T101L,101,T,L,0.03913,0.06097,-0.1521,none
T101M,101,T,M,0.05471,0.02332,-0.5008,none
T101N,101,T,N,0.04205,0.3868,-0.1181,none
T101Q,101,T,Q,0.007233,0.03257,-0.1168,none
T101R,101,T,R,-0.5261,0.09995,-1.026,none
T101S,101,T,S,,-0.427,-1.182,none
T101V,101,T,V,-0.0613,0.0488,-0.1725,none
T101W,101,T,W,0.1329,0.0377,-0.8478,none
T101Y,101,T,Y,,-0.4283,0.00435,none
A102D,102,A,D,-0.1839,-0.106,0.07028,none
A102E,102,A,E,-0.03004,-0.1294,0.3837,none
A102F,102,A,F,-0.3974,0.01636,-0.6597,none
A102G,102,A,G,-0.495,-0.09964,-0.674,none
A102H,102,A,H,-0.2018,-0.1211,-0.121,none
A102I,102,A,I,-0.3902,-0.1568,-1.236,none
A102K,102,A,K,0.4011,0.1256,-0.6211,none
A102L,102,A,L,-0.01662,-0.03744,-0.9804,none
A102M,102,A,M,-0.6509,-0.1927,-1.438,none
A102N,102,A,N,0.1119,-0.07855,-0.2021,none
A102Q,102,A,Q,0.2662,0.118,0.9143,none
A102R,102,A,R,-0.08643,0.1908,-0.5964,none
A102S,102,A,S,0.1091,-0.08715,-0.611,none
A102T,102,A,T,-0.2551,-0.1071,-0.4417,none
A102V,102,A,V,-0.1394,-0.02043,-1.188,none
A102W,102,A,W,-0.132,0.1558,-0.8763,none
A102Y,102,A,Y,-0.06427,0.1658,0.1794,none
A103C,103,A,C,0.08546,-0.2386,-0.08694,none
A103D,103,A,D,-0.249,-0.1096,-0.000655,none
A103E,103,A,E,0.08158,-0.05083,0.1467,none
A103F,103,A,F,0.04268,0.08654,-0.08417,none
A103G,103,A,G,-0.3722,-0.0224,-0.4692,none
A103H,103,A,H,0.4501,-0.08441,-0.05925,none
A103I,103,A,I,-0.8068,0.1396,-0.7316,none
A103K,103,A,K,0.2864,0.2024,-0.1925,none
A103L,103,A,L,,-0.2177,-1.028,none
A103M,103,A,M,-0.2125,0.1165,0.08317,none
A103N,103,A,N,0.18,-0.2932,0.0404,none
A103R,103,A,R,-0.1205,0.2771,-0.6015,none
A103S,103,A,S,-0.08781,0.02821,0.02885,none
A103T,103,A,T,0.2297,-0.08513,0.292,none
A103V,103,A,V,-0.2591,0.02162,-0.8067,none
A103W,103,A,W,0.08593,0.1652,-1.267,none
A103Y,103,A,Y,-0.163,0.0555,0.851,none
N104A,104,N,A,0.02665,0.07492,-0.424,none
N104C,104,N,C,0.1119,0.03625,0.6712,none
N104D,104,N,D,0.03053,-0.05958,0.5621,none
N104E,104,N,E,-0.4084,0.249,-1.185,none
N104F,104,N,F,,-0.04166,-1.531,none
N104G,104,N,G,0.07907,0.07824,0.4203,none
N104H,104,N,H,-0.2246,-0.1092,0.1093,none
N104I,104,N,I,-0.1551,0.143,-1.141,none
N104K,104,N,K,-0.0952,0.07514,-0.3336,none
N104L,104,N,L,,0.04688,-1.96,none
N104M,104,N,M,-0.07848,-0.1665,-1.285,none
N104Q,104,N,Q,-0.3123,-0.009322,-0.1652,none
N104R,104,N,R,-0.1784,0.003926,-1.012,none
N104S,104,N,S,0.04188,-0.337,-0.9786,none
N104T,104,N,T,-0.2132,-0.1214,-0.4062,none
N104V,104,N,V,-0.2122,-0.208,-0.1948,none
N104W,104,N,W,-0.2907,0.1586,-1.837,none
N104Y,104,N,Y,0.1207,0.1517,-0.6584,none
N105A,105,N,A,,-0.4938,-0.9042,none
N105C,105,N,C,-0.5935,-0.1667,-0.9961,none
N105D,105,N,D,-0.01753,0.06751,0.4496,none
N105E,105,N,E,-0.1726,0.08722,0.1962,none
N105F,105,N,F,-0.03245,0.06886,-0.1526,none
N105G,105,N,G,0.05661,-0.05965,0.04145,none
N105H,105,N,H,0.09137,0.06832,-0.08695,none
N105I,105,N,I,0.01419,0.05142,0.5037,none
N105K,105,N,K,0.0223,0.1277,0.05043,none
N105L,105,N,L,0.1515,0.1085,0.1298,none
N105M,105,N,M,0.1101,-0.02659,-0.2213,none
N105P,105,N,P,,-0.07215,-0.5252,none
N105Q,105,N,Q,-0.0377,-0.3982,-0.8244,none
N105R,105,N,R,-0.3875,0.1414,-0.6046,none
N105S,105,N,S,0.04048,0.2118,-0.5333,none
N105T,105,N,T,0.01282,-0.1012,-0.7043,none
N105V,105,N,V,0.06684,-0.0594,0.04677,none
N105W,105,N,W,0.05893,0.1346,0.2532,none
N105Y,105,N,Y,0.07659,0.04047,0.1784,none
R106E,106,R,E,-0.1927,0.3989,-1.953,none
R106F,106,R,F,0.3287,0.008285,-0.4721,none
R106H,106,R,H,-0.8466,-0.4047,-0.465,none
R106I,106,R,I,0.05674,-0.1966,-0.2823,none
R106K,106,R,K,0.04484,0.2785,0.289,none
R106L,106,R,L,0.168,0.2218,0.09502,none
R106M,106,R,M,0.08521,0.115,0.2126,none
R106N,106,R,N,0.1656,-0.03244,-1.938,none
R106P,106,R,P,-0.06639,-0.2025,-0.359,none
R106Q,106,R,Q,0.06161,-0.005897,-0.6067,none
R106V,106,R,V,0.2869,0.2806,1.031,none
R106Y,106,R,Y,0.03687,0.0396,-0.4058,none
A107C,107,A,C,,0.176,-2.098,none
A107D,107,A,D,0.2245,0.09344,0.2701,none
A107E,107,A,E,-0.2602,0.09211,-0.1347,none
A107F,107,A,F,-0.4888,0.03047,-1.07,none
A107G,107,A,G,-0.1822,0.1139,0.1594,none
A107H,107,A,H,,0.2324,-0.3528,none
A107I,107,A,I,0.01082,0.05108,-0.7322,none
A107K,107,A,K,-0.7672,-0.06274,0.2768,none
A107M,107,A,M,-0.2053,0.03258,-0.7518,none
A107N,107,A,N,-0.1798,0.1306,0.3346,none
A107R,107,A,R,-0.7963,0.009327,0.4719,none
A107S,107,A,S,-0.1347,-0.02373,-0.5392,none
A107T,107,A,T,0.1953,0.5748,-0.9845,none
A107V,107,A,V,0.3488,-0.09702,0.2695,none
A107W,107,A,W,0.3321,-0.02779,-0.03956,none
A107Y,107,A,Y,-0.188,-0.04648,-0.03735,none
R108A,108,R,A,,-0.2515,0.2374,none
R108D,108,R,D,0.1311,-0.06364,-0.45,none
R108E,108,R,E,-0.02649,-0.08644,0.209,none
R108F,108,R,F,0.04833,-0.1229,-0.4335,none
R108G,108,R,G,0.04635,-0.2541,-0.8875,none
R108H,108,R,H,-0.1548,-0.2035,0.04532,none
R108I,108,R,I,-0.03263,0.08991,-0.127,none
R108K,108,R,K,-0.01988,0.04802,0.6295,none
R108L,108,R,L,-0.07606,0.1092,-0.05825,none
R108M,108,R,M,0.1029,0.1904,0.1021,none
R108N,108,R,N,0.0007243,-0.1002,-0.06239,none
R108P,108,R,P,0.05383,-0.06298,-0.3581,none
R108Q,108,R,Q,-0.2507,-0.0426,0.1714,none
R108T,108,R,T,0.2932,0.02022,0.04045,none
R108V,108,R,V,0.003183,0.0802,0.3157,none
R108W,108,R,W,0.232,0.001335,-1.917,none
R108Y,108,R,Y,0.3241,0.06024,0.1671,none
R109K,109,R,K,0.08095,0.0652,-0.0237,none
E110A,110,E,A,-0.06392,-0.5541,-0.1321,none
E110C,110,E,C,0.04907,0.1294,-0.4554,none
E110D,110,E,D,0.5556,-0.1438,0.086,none
E110F,110,E,F,0.04629,0.1497,-0.0438,none
E110G,110,E,G,-1.779,0.3487,-0.5431,none
E110H,110,E,H,-0.6199,0.08311,0.06985,none
E110M,110,E,M,0.2076,-0.3122,-0.1565,none
E110N,110,E,N,-0.00882,0.128,0.1427,none
E110Q,110,E,Q,0.02732,-0.08779,-0.07976,none
E110R,110,E,R,0.1162,0.1442,-0.3748,none
E110S,110,E,S,0.2992,0.172,-0.3261,none
E110T,110,E,T,-0.1649,-0.264,0.215,none
E110W,110,E,W,0.2246,-0.01931,-0.7212,none
E110Y,110,E,Y,0.04181,0.2005,0.2585,none
L111A,111,L,A,0.5448,-0.1114,0.1578,none
L111C,111,L,C,-0.1599,-0.03323,0.1176,none
L111D,111,L,D,0.2414,0.07561,0.01454,none
L111E,111,L,E,-0.1452,0.01136,-0.013,none
L111F,111,L,F,,0.08416,0.2949,none
L111H,111,L,H,-0.1892,0.1657,0.617,none
L111I,111,L,I,0.4273,0.2491,-0.453,none
L111K,111,L,K,-1.589,-0.6759,-1.058,none
L111M,111,L,M,0.02108,-0.02652,-0.09477,none
L111N,111,L,N,0.08211,0.158,0.06905,none
L111P,111,L,P,-0.1203,0.02196,-0.3271,none
L111Q,111,L,Q,0.3669,0.1085,0.08238,none
L111R,111,L,R,-0.1545,0.08701,0.317,none
L111S,111,L,S,0.1152,-0.007563,-0.8846,none
L111T,111,L,T,0.02435,0.002335,-0.0737,none
L111V,111,L,V,0.03045,0.2577,0.2565,none
L111W,111,L,W,0.04117,0.07893,-0.1684,none
L111Y,111,L,Y,0.03689,0.03221,0.3738,none
P112A,112,P,A,0.1174,-0.03046,0.07109,none
P112C,112,P,C,-0.03718,0.2087,-0.7984,none
P112D,112,P,D,0.07924,-0.04477,0.2371,none
P112E,112,P,E,-0.04845,0.007638,0.2977,none
P112F,112,P,F,-0.04375,0.2544,-0.6188,none
P112G,112,P,G,-0.03863,0.08203,-0.06169,none
P112H,112,P,H,-0.02941,0.1206,-0.0157,none
P112I,112,P,I,0.193,0.08233,-0.1763,none
P112K,112,P,K,-0.1444,-0.02676,-0.39,none
P112L,112,P,L,-0.2502,0.2257,-0.2308,none
P112N,112,P,N,-1.294,-0.01839,-0.2739,none
P112Q,112,P,Q,-0.01742,0.1212,-0.2305,none
P112R,112,P,R,-0.03518,0.2476,-0.7902,none
P112S,112,P,S,-0.13,0.2001,0.2462,none
P112T,112,P,T,0.1647,-0.1128,0.1289,none
P112V,112,P,V,0.2462,0.1455,-0.8533,none
P112W,112,P,W,-0.05101,0.1443,0.2258,none
P112Y,112,P,Y,-0.03743,0.3788,-0.1773,none
R113A,113,R,A,0.02532,-0.09907,-0.1065,none
R113C,113,R,C,-0.2221,-0.06064,0.5737,none
R113D,113,R,D,-0.01985,0.1062,0.1998,none
R113E,113,R,E,0.08728,0.2119,-0.2711,none
R113F,113,R,F,0.03272,-0.02356,0.07385,none
R113G,113,R,G,-0.172,-0.08331,0.1381,none
R113H,113,R,H,-0.1537,0.01884,-0.6546,none
R113I,113,R,I,0.08173,-0.1289,0.1739,none
R113K,113,R,K,-0.05303,-0.007028,0.1407,none
R113L,113,R,L,0.1831,0.2751,0.05284,none
R113M,113,R,M,-0.04169,0.001589,0.4293,none
R113N,113,R,N,-0.02642,-0.1741,0.3724,none
R113P,113,R,P,0.0604,-0.1364,0.0303,none
R113Q,113,R,Q,-0.3398,-0.07894,-0.0107,none
R113S,113,R,S,0.09938,-0.1894,0.106,none
R113T,113,R,T,-0.1208,-0.1717,-0.2879,none
R113V,113,R,V,0.1623,0.1506,0.0028,none
R113W,113,R,W,-0.2745,-0.3228,-0.1658,none
R113Y,113,R,Y,-0.1421,-0.06055,0.761,none
F114A,114,F,A,-0.01947,-0.09518,0.1923,none
F114C,114,F,C,-0.008188,0.007365,-0.1031,none
F114D,114,F,D,0.08463,0.0572,0.8008,none
F114E,114,F,E,-0.09276,-0.09611,-0.1681,none
F114G,114,F,G,0.3319,0.01767,0.2401,none
F114H,114,F,H,,0.01683,-1.138,none
F114I,114,F,I,0.03441,-0.1921,0.3948,none
F114K,114,F,K,0.1199,0.2869,0.2424,none
F114L,114,F,L,-0.2849,0.08802,-0.1743,none
F114M,114,F,M,0.3733,-0.1227,-0.4043,none
F114N,114,F,N,0.04687,-0.1105,0.3978,none
F114Q,114,F,Q,0.0852,0.04258,-0.6495,none
F114R,114,F,R,0.1098,0.02956,-0.05255,none
F114S,114,F,S,0.04793,0.02227,0.4284,none
F114T,114,F,T,0.1235,-0.007256,0.08492,none
F114V,114,F,V,,-0.3887,-0.1503,none
F114W,114,F,W,0.01049,0.02568,0.05025,none
F114Y,114,F,Y,0.2156,0.0287,0.3878,none
M115A,115,M,A,0.0009929,0.04087,0.2686,none
M115C,115,M,C,0.1414,-0.03767,-0.6787,none
M115D,115,M,D,,0.01376,-0.3916,none
M115E,115,M,E,-0.1164,0.04293,0.1878,none
M115F,115,M,F,0.1089,-0.1133,-0.4918,none
M115G,115,M,G,0.02681,0.1391,0.267,none
M115H,115,M,H,0.2699,-0.1133,0.2589,none
M115I,115,M,I,-0.1474,-0.05623,-0.1227,none
M115K,115,M,K,0.2527,0.05089,0.1825,none
M115L,115,M,L,-0.1103,-0.07257,0.4048,none
M115N,115,M,N,-0.4173,-0.3865,0.2103,none
M115P,115,M,P,-0.1241,0.04756,0.1023,none
M115Q,115,M,Q,0.09854,0.06792,0.2165,none
M115R,115,M,R,-0.1328,0.2537,-0.3098,none
M115T,115,M,T,-0.3735,0.0461,0.3607,none
M115V,115,M,V,-0.382,-0.1554,-0.3231,none
M115W,115,M,W,-0.08205,0.1266,0.2824,none
M115Y,115,M,Y,0.02609,0.1113,-0.1568,none
N116A,116,N,A,-0.1793,-0.03985,-0.4354,none
N116C,116,N,C,0.5455,-0.03842,-0.8995,none
N116D,116,N,D,-0.1556,-0.1182,-0.0326,none
N116E,116,N,E,-0.6211,-0.3119,-0.1336,none
N116F,116,N,F,0.4565,0.1605,0.2886,none
N116G,116,N,G,-0.09106,-0.08912,0.5016,none
N116I,116,N,I,-0.01687,-0.2782,-0.05535,none
N116K,116,N,K,0.5116,-0.0007088,0.3882,none
N116L,116,N,L,-0.2148,0.2556,-0.3578,none
N116M,116,N,M,0.1052,0.2511,0.4706,none
N116P,116,N,P,0.02823,0.1943,0.5724,none
N116Q,116,N,Q,-0.1379,-0.1569,-0.5256,none
N116R,116,N,R,-0.1664,0.09302,-0.7434,none
N116T,116,N,T,-0.6801,0.1258,0.03097,none
N116V,116,N,V,0.04031,0.1131,0.00705,none
N116W,116,N,W,-0.08616,0.1859,0.09455,none
N116Y,116,N,Y,0.1948,-0.1729,-0.8801,none
Y117A,117,Y,A,-0.07861,-0.05724,0.4183,none
Y117C,117,Y,C,-0.3651,-0.3823,-0.6742,none
Y117D,117,Y,D,0.196,0.06418,0.1187,none
Y117E,117,Y,E,-0.06808,-0.09117,0.5663,none
Y117F,117,Y,F,0.0113,0.04026,0.1219,none
Y117G,117,Y,G,0.09359,0.02009,-0.2887,none
Y117H,117,Y,H,0.01239,-0.1461,-0.2758,none
Y117I,117,Y,I,-0.01926,0.02377,0.5044,none
Y117K,117,Y,K,-0.4338,0.1513,-0.5298,none
Y117M,117,Y,M,0.01717,0.06592,-0.2288,none
Y117N,117,Y,N,-0.08943,-0.0477,-0.3758,none
Y117P,117,Y,P,-0.0473,0.05409,0.1524,none
Y117Q,117,Y,Q,,0.276,-0.3729,none
Y117R,117,Y,R,-0.07672,-0.09838,-0.1099,none
Y117S,117,Y,S,-0.1409,0.06888,0.1345,none
Y117T,117,Y,T,0.1608,0.05726,0.4011,none
Y117V,117,Y,V,-0.1268,0.1407,0.3394,none
Y117W,117,Y,W,0.601,-0.03026,-0.1383,none
T118A,118,T,A,-0.1018,-0.006164,0.5118,none
T118C,118,T,C,0.3519,-0.129,0.6062,none
T118D,118,T,D,-0.1712,0.008619,0.55,none
T118F,118,T,F,0.0007121,-0.1629,0.3257,none
T118G,118,T,G,0.06827,-0.03093,-0.05195,none
T118H,118,T,H,,-0.2178,-0.6379,none
T118I,118,T,I,0.2834,-0.2586,-0.4178,none
T118K,118,T,K,0.03087,-0.09603,-0.3136,none
T118L,118,T,L,-0.1632,-0.01133,1.023,none
T118M,118,T,M,-0.04119,0.4121,0.04774,none
T118N,118,T,N,0.0197,0.1342,0.1908,none
T118P,118,T,P,0.03553,-0.02215,-0.4805,none
T118Q,118,T,Q,0.1961,0.04518,0.3569,none
T118R,118,T,R,-0.4178,0.01369,-0.8585,none
T118S,118,T,S,,-0.1817,-0.1489,none
T118V,118,T,V,-0.687,-0.1297,-0.22,none
T118W,118,T,W,-0.6221,0.05221,-0.275,none
T118Y,118,T,Y,-0.09872,0.1018,-0.3018,none
L119A,119,L,A,,-0.2531,-0.7451,none
L119C,119,L,C,0.2742,-0.03703,0.3314,none
L119D,119,L,D,-0.3754,-0.02488,-0.0425,none
L119E,119,L,E,-0.2671,-0.02101,-0.06012,none
L119F,119,L,F,-0.5278,-0.2094,-0.1345,none
L119G,119,L,G,0.04252,-0.2209,-0.4424,none
L119H,119,L,H,0.1039,0.233,0.1983,none
L119I,119,L,I,0.08793,0.07319,-0.02235,none
L119K,119,L,K,-0.1411,-0.1125,-0.4201,none
L119M,119,L,M,-0.2011,-0.157,0.326,none
L119N,119,L,N,0.1775,0.1612,0.2447,none
L119P,119,L,P,-0.08701,-0.01309,-0.3496,none
L119Q,119,L,Q,0.5966,-0.1534,-0.005145,none
L119R,119,L,R,0.003263,-0.326,0.02608,none
L119S,119,L,S,0.6273,0.09608,-0.327,none
L119T,119,L,T,-0.5595,-0.09165,-0.008945,none
L119V,119,L,V,-0.01649,-0.3507,-0.1742,none
L119W,119,L,W,-0.1555,0.2509,-0.1021,none
L119Y,119,L,Y,-0.03515,0.09419,0.3399,none
N120A,120,N,A,,-0.2509,0.5219,none
N120D,120,N,D,-0.02772,-0.1033,-0.1856,none
N120F,120,N,F,-0.7929,-0.1841,-0.5685,none
N120G,120,N,G,0.3241,0.0176,0.1578,none
N120H,120,N,H,0.007238,0.1722,0.9669,none
N120I,120,N,I,0.06974,0.09774,0.0194,none
N120K,120,N,K,-0.1148,-0.1177,0.2339,none
N120L,120,N,L,0.07082,0.003248,0.1703,none
N120M,120,N,M,0.4207,0.08329,-1.835,none
N120P,120,N,P,,0.02281,-1.773,none
N120Q,120,N,Q,-0.04421,0.0684,0.2362,none
N120R,120,N,R,,-0.0229,0.4827,none
N120S,120,N,S,0.3459,-0.1392,-0.2313,none
N120T,120,N,T,,-0.00372,0.288,none
N120V,120,N,V,0.3219,0.01764,0.3714,none
N120W,120,N,W,,-0.3472,0.2467,none
N120Y,120,N,Y,0.05786,-0.04997,0.6935,none
N121A,121,N,A,-0.01243,-0.001517,-0.5191,none
N121C,121,N,C,-0.162,0.1931,-0.1425,none
N121D,121,N,D,0.5375,0.05273,0.2476,none
N121F,121,N,F,0.09433,-0.01366,0.5182,none
N121G,121,N,G,-0.1694,0.06144,0.07297,none
N121H,121,N,H,-0.02288,-0.03336,0.3599,none
N121I,121,N,I,-0.1406,-0.04076,-0.2549,none
N121K,121,N,K,-0.0639,0.1553,-0.0402,none
N121L,121,N,L,-0.03851,0.03928,0.1735,none
N121M,121,N,M,0.07069,-0.2566,0.6022,none
N121P,121,N,P,,-0.05357,0.7881,none
N121Q,121,N,Q,0.03809,-0.1022,-0.3775,none
N121R,121,N,R,0.03096,0.2113,0.5718,none
N121S,121,N,S,0.2923,-0.04104,0.5973,none
N121T,121,N,T,0.006559,-0.106,-0.4848,none
N121V,121,N,V,,-0.02783,-0.5156,none
N121W,121,N,W,0.05204,0.008776,-0.584,none
N121Y,121,N,Y,0.1053,-0.09891,0.1754,none
T122A,122,T,A,0.0578,-0.05173,0.3611,none
T122C,122,T,C,0.02079,0.06288,0.1934,none
T122D,122,T,D,-0.0315,-0.009827,-0.06451,none
T122E,122,T,E,-0.3194,-0.3484,-0.6326,none
T122F,122,T,F,-0.1281,0.003933,-0.002329,none
T122G,122,T,G,0.09413,0.2114,0.05259,none
T122H,122,T,H,-0.06419,-0.1136,-0.04947,none
T122I,122,T,I,-0.138,-0.1662,-0.2651,none
T122K,122,T,K,-0.1266,-0.04544,-0.2232,none
T122L,122,T,L,0.342,-0.02162,0.2854,none
T122M,122,T,M,-0.1968,-0.3187,-0.4093,none
T122N,122,T,N,0.04322,-0.04582,-0.5847,none
T122P,122,T,P,0.2348,0.08389,0.2552,none
T122Q,122,T,Q,0.0208,0.04311,0.05185,none
T122R,122,T,R,-0.191,-0.4362,-0.2124,none
T122S,122,T,S,0.1497,-0.02776,0.00735,none
T122V,122,T,V,-0.1129,0.0214,-0.1791,none
T122W,122,T,W,0.02888,0.0708,-0.9868,none
T122Y,122,T,Y,-0.304,0.04038,0.08402,none
K123A,123,K,A,-0.02233,0.003293,0.6323,none
K123C,123,K,C,0.05144,0.004758,0.6747,none
K123D,123,K,D,-0.1947,0.08026,0.03635,none
K123E,123,K,E,,-0.03167,0.1679,none
K123F,123,K,F,0.3378,0.04643,-0.1838,none
K123G,123,K,G,0.2113,0.08815,-0.1212,none
K123H,123,K,H,0.07512,-0.07218,0.5848,none
K123I,123,K,I,-0.01992,-0.04752,0.1089,none
K123L,123,K,L,-0.02696,-0.03084,-0.05861,none
K123M,123,K,M,-0.1336,-0.02492,-0.5381,none
K123N,123,K,N,0.02911,-0.1765,-0.1971,none
K123P,123,K,P,0.06729,-0.198,0.2709,none
K123Q,123,K,Q,-0.07893,-0.06209,0.1222,none
K123R,123,K,R,0.01623,0.04335,0.2164,none
K123S,123,K,S,0.062,0.1757,0.1244,none
K123T,123,K,T,0.00265,0.04065,0.5543,none
K123V,123,K,V,-0.3637,-0.08154,-0.2183,none
K123W,123,K,W,-1.107,0.09547,-0.5023,none
K123Y,123,K,Y,0.03629,0.0616,0.4258,none
K124A,124,K,A,-0.1318,0.08772,-0.2262,none
K124C,124,K,C,0.03208,0.1883,0.2077,none
K124D,124,K,D,-0.09279,-0.05113,0.384,none
K124E,124,K,E,0.285,-0.09058,0.4569,none
K124F,124,K,F,0.06286,0.01459,-0.754,none
K124G,124,K,G,-0.01794,0.05871,-0.1405,none
K124H,124,K,H,0.009899,-0.04514,0.2578,none
K124I,124,K,I,-0.05815,0.06509,0.2589,none
K124L,124,K,L,0.05044,0.08181,-0.06724,none
K124M,124,K,M,-0.04327,-0.09172,0.3568,none
K124N,124,K,N,0.3028,-0.08751,0.159,none
K124P,124,K,P,-0.107,0.00891,0.4118,none
K124Q,124,K,Q,0.01632,0.0177,0.04434,none
K124R,124,K,R,0.02744,0.304,0.2511,none
K124S,124,K,S,-0.1654,0.2381,0.302,none
K124T,124,K,T,-0.4061,-0.2482,-0.2142,none
K124V,124,K,V,0.2881,-0.0778,-0.3274,none
K124W,124,K,W,0.09322,0.0816,-0.1003,none
K124Y,124,K,Y,-0.01051,-0.09126,-0.1012,none
T125A,125,T,A,0.4755,0.03245,-0.6835,none
T125C,125,T,C,0.01177,0.1495,0.8232,none
T125D,125,T,D,-0.08516,-0.2592,-0.8916,none
T125E,125,T,E,0.203,0.06936,-0.07173,none
T125F,125,T,F,-0.002796,0.02049,-0.2213,none
T125G,125,T,G,0.06882,-0.0701,-0.09475,none
T125H,125,T,H,-0.1258,0.06982,-0.172,none
T125I,125,T,I,0.01813,-0.04615,-0.5566,none
T125K,125,T,K,0.01049,-0.02746,-0.7469,none
T125L,125,T,L,-0.0715,-0.02426,0.4612,none
T125M,125,T,M,-0.5141,-0.1237,-0.5807,none
T125N,125,T,N,0.09269,-0.1054,-0.3166,none
T125P,125,T,P,-0.08859,-0.1796,-0.2955,none
T125Q,125,T,Q,-0.005873,-0.004013,0.1152,none
T125R,125,T,R,-0.4957,-0.01912,-0.2034,none
T125S,125,T,S,-0.02117,0.1759,0.5531,none
T125V,125,T,V,,0.2846,-0.1189,none
T125W,125,T,W,0.08006,0.003357,0.07775,none
T125Y,125,T,Y,0.2346,-0.02459,-0.1379,none
N126A,126,N,A,-0.0302,-0.003412,0.434,none
N126C,126,N,C,-0.009861,0.07104,-0.8259,none
N126D,126,N,D,-0.03751,-0.01123,-0.1321,none
N126E,126,N,E,-0.06933,0.49,0.3918,none
N126F,126,N,F,-0.08996,-0.04328,-0.4871,none
N126G,126,N,G,0.2808,0.04619,0.1368,none
N126H,126,N,H,0.1151,0.135,0.3407,none
N126I,126,N,I,0.006431,0.1213,0.1487,none
N126K,126,N,K,0.01231,0.2462,-0.7794,none
N126L,126,N,L,0.1266,0.03834,-0.05192,none
N126M,126,N,M,-0.1834,-0.1546,-0.1164,none
N126P,126,N,P,-0.01431,0.1038,-0.1521,none
N126Q,126,N,Q,-0.1196,0.002519,-0.09291,none
N126R,126,N,R,0.2873,0.1357,-0.2099,none
N126S,126,N,S,-0.1159,-0.01737,0.04751,none
N126T,126,N,T,-0.3286,0.06809,-0.02184,none
N126V,126,N,V,-0.4752,0.1297,-1.019,none
N126W,126,N,W,0.07191,-0.2846,-0.8267,none
N126Y,126,N,Y,-0.01015,-0.184,0.0027,none
V127A,127,V,A,-0.1128,-0.08564,-0.6178,none
V127C,127,V,C,-0.05472,-0.09265,0.5517,none
V127D,127,V,D,-0.3039,0.2853,-1.473,none
V127E,127,V,E,-0.1767,0.02155,-0.3161,none
V127F,127,V,F,0.008005,-0.1382,-0.1224,none
V127G,127,V,G,-0.008233,0.283,0.3699,none
V127H,127,V,H,0.05092,-0.06649,0.5182,none
V127I,127,V,I,0.316,-0.05673,-0.2724,none
V127K,127,V,K,,0.1243,-0.3133,none
V127L,127,V,L,0.2764,0.05034,0.4195,none
V127M,127,V,M,0.007814,-0.05778,0.5784,none
V127N,127,V,N,-0.4004,0.153,-0.3937,none
V127P,127,V,P,-0.2945,0.03648,-1.295,none
V127R,127,V,R,-0.4384,-0.1368,-0.707,none
V127S,127,V,S,0.4365,-0.284,-0.7116,none
V127T,127,V,T,-0.007354,0.02992,-0.4819,none
V127W,127,V,W,0.01532,-0.003734,-0.4293,none
V127Y,127,V,Y,-0.3948,0.1747,-0.4147,none
T128A,128,T,A,0.3694,0.1013,0.3136,none
T128C,128,T,C,,-0.1342,-0.3644,none
T128D,128,T,D,0.07454,-0.04943,-0.4699,none
T128E,128,T,E,0.5506,0.2125,-0.1276,none
T128G,128,T,G,,-0.4616,-0.7853,none
T128H,128,T,H,0.2059,0.163,-0.6687,none
T128I,128,T,I,0.3246,-0.04332,0.07137,none
T128K,128,T,K,0.1876,0.1286,-0.561,none
T128L,128,T,L,0.1194,0.1565,-0.02815,none
T128M,128,T,M,-0.2488,-0.0851,-0.3477,none
T128N,128,T,N,0.1149,-0.09079,-0.09402,none
T128P,128,T,P,0.2223,-0.252,-0.4385,none
T128Q,128,T,Q,0.009044,0.1876,0.03589,none
T128R,128,T,R,0.1153,0.003324,-0.4,none
T128S,128,T,S,-0.5329,0.1998,0.03495,none
T128V,128,T,V,,0.04358,0.02383,none
T128W,128,T,W,-0.6846,0.311,0.4547,none
T128Y,128,T,Y,-0.01958,0.2096,-0.4946,none
L129A,129,L,A,0.4108,-0.1977,0.5162,none
L129C,129,L,C,-0.2947,-0.01273,-0.336,none
L129D,129,L,D,-0.2732,,-1.77,none
L129E,129,L,E,-0.07567,0.2511,-0.1626,none
L129F,129,L,F,0.1099,-0.1333,-0.2126,none
L129G,129,L,G,-0.02755,-0.0807,-0.7167,none
L129H,129,L,H,0.06048,0.2841,-0.3272,none
L129I,129,L,I,-0.1128,-0.04949,-0.1438,none
L129K,129,L,K,,0.06058,-0.3996,none
L129M,129,L,M,0.002061,0.04802,-0.0099,none
L129N,129,L,N,0.03735,-0.1618,-0.4647,none
L129P,129,L,P,0.08893,-0.09293,-1.094,none
L129Q,129,L,Q,0.1635,-0.03172,-0.2442,none
L129R,129,L,R,0.2192,0.1242,-0.43,none
L129S,129,L,S,,-0.9901,-1.183,none
L129T,129,L,T,-0.005595,0.07028,0.016,none
L129V,129,L,V,0.04384,0.2013,0.02253,none
L129W,129,L,W,-0.08535,0.2342,-0.3337,none
L129Y,129,L,Y,-0.18,0.05923,-0.5872,none
S130A,130,S,A,0.2731,0.1319,-0.2587,none
S130C,130,S,C,0.02586,0.008277,0.2984,none
S130D,130,S,D,-0.1342,0.04734,-0.2784,none
S130E,130,S,E,0.07639,-0.04825,-0.1358,none
S130F,130,S,F,0.09933,0.09707,0.105,none
S130G,130,S,G,-0.03878,0.1172,0.1139,none
S130H,130,S,H,-0.2131,-0.1187,-0.8297,none
S130I,130,S,I,-0.02277,0.06577,0.3307,none
S130K,130,S,K,-0.02778,0.007226,-0.09659,none
S130L,130,S,L,-0.0319,-0.02371,0.6788,none
S130M,130,S,M,-0.06788,0.1098,0.1477,none
S130N,130,S,N,-0.06548,0.1884,-1.102,none
S130P,130,S,P,-0.08393,0.005047,0.2324,none
S130Q,130,S,Q,-0.2538,0.1107,-0.546,none
S130R,130,S,R,0.1043,0.04122,-0.9747,none
S130T,130,S,T,0.1594,0.05388,0.09699,none
S130V,130,S,V,0.07818,0.1023,0.2046,none
S130W,130,S,W,0.07492,0.1238,-1.218,none
S130Y,130,S,Y,0.1111,0.1395,-0.3663,none
K131A,131,K,A,-0.7437,-0.01258,-0.3091,none
K131C,131,K,C,0.002319,0.07277,-0.07109,none
K131D,131,K,D,-0.02951,-0.06751,-1.053,none
K131E,131,K,E,-0.5299,-0.5667,-1.2,none
K131F,131,K,F,0.01678,0.06591,0.7795,none
K131G,131,K,G,0.0636,0.186,-0.2194,none
K131H,131,K,H,0.06325,0.2502,0.2228,none
K131I,131,K,I,0.5315,0.2584,0.3833,none
K131L,131,K,L,-1.174,0.03723,-0.696,none
K131M,131,K,M,0.2202,0.03565,0.5536,none
K131N,131,K,N,0.003531,-0.1528,0.4743,none
K131P,131,K,P,0.01003,0.1417,-0.4924,none
K131Q,131,K,Q,-0.2834,-0.2636,-0.8949,none
K131R,131,K,R,-0.1674,-0.01612,-0.07055,none
K131S,131,K,S,0.3089,0.1857,-0.08423,none
K131T,131,K,T,-0.04765,-0.00523,-0.5734,none
K131V,131,K,V,0.02854,-0.04025,0.173,none
K131W,131,K,W,,0.1513,-0.9717,none
K131Y,131,K,Y,0.04037,-0.08069,0.03603,none
K132A,132,K,A,0.03636,0.1492,-0.4126,none
K132C,132,K,C,0.3883,-0.09337,-1.045,none
K132D,132,K,D,-0.001957,-0.001634,-0.3887,none
K132E,132,K,E,0.1285,0.1202,-0.3885,none
K132G,132,K,G,-0.1014,-0.004591,0.3831,none
K132H,132,K,H,0.02436,-0.1108,-0.2087,none
K132I,132,K,I,-0.8223,0.1306,-0.501,none
K132L,132,K,L,-0.1543,-0.2185,-0.2079,none
K132M,132,K,M,-0.1017,-0.03312,-0.1334,none
K132N,132,K,N,-0.02281,-0.1147,-0.4675,none
K132P,132,K,P,0.03846,-0.02665,0.2626,none
K132Q,132,K,Q,0.2153,-0.11,-0.3253,none
K132R,132,K,R,-0.01903,-0.2938,0.1926,none
K132S,132,K,S,-0.1931,0.2295,-0.7143,none
K132T,132,K,T,0.04767,0.007072,-0.3108,none
K132V,132,K,V,-0.2386,-0.1615,-0.3368,none
K132W,132,K,W,-0.02281,0.0133,-0.1512,none
K132Y,132,K,Y,0.05788,0.2638,-0.3057,none
K134A,134,K,A,-0.449,-0.1125,-0.8241,none
K134C,134,K,C,-0.4099,0.2362,-0.9826,none
K134D,134,K,D,,0.1488,-0.7839,none
K134E,134,K,E,0.1038,0.003551,-0.4204,none
K134F,134,K,F,-0.01855,-0.09512,-1.001,none
K134G,134,K,G,0.002713,-0.002844,-0.00956,none
K134H,134,K,H,-0.2983,-0.06167,-0.525,none
K134I,134,K,I,-0.09725,-0.05302,-0.9567,none
K134L,134,K,L,-0.3915,-0.01898,-1.107,none
K134M,134,K,M,-0.008255,0.1732,-0.7003,none
K134N,134,K,N,-0.09112,0.07205,-0.5582,none
K134P,134,K,P,-0.1479,0.08291,-0.129,none
K134R,134,K,R,0.09378,-0.09991,0.292,none
K134S,134,K,S,-0.1518,-0.2541,-0.8219,none
K134T,134,K,T,0.2772,-0.1733,-0.9318,none
K134V,134,K,V,0.3851,-0.05742,-1.436,none
K134W,134,K,W,0.1039,0.0384,-1.819,none
K134Y,134,K,Y,0.06735,0.3036,-0.3164,none
R135C,135,R,C,,-0.6679,-2.272,none
R135E,135,R,E,-0.179,0.1595,-1.233,none
R135G,135,R,G,-0.0509,0.3586,-1.398,none
R135I,135,R,I,0.171,0.1791,-1.78,none
R135K,135,R,K,-0.04092,0.0006079,-0.444,none
R135L,135,R,L,-0.7695,-0.6871,-2.449,none
R135M,135,R,M,-0.1912,0.2462,-1.697,none
R135Q,135,R,Q,-0.4046,0.1294,-1.063,none
R135S,135,R,S,-0.4234,-0.09264,-1.048,none
R135T,135,R,T,0.03761,0.1288,-0.1698,none
R135V,135,R,V,-0.1401,0.1546,-0.2199,none
R135Y,135,R,Y,,-0.3244,-2.121,none
F137Y,137,F,Y,-0.7588,0.01305,-1.797,none
L138M,138,L,M,-0.2245,0.003525,-0.2603,none
L138W,138,L,W,-0.7041,-0.7161,-0.9185,none
G139A,139,G,A,0.02138,0.009566,0.1002,none
G139D,139,G,D,-0.6712,-0.3443,-1.131,none
G139E,139,G,E,-0.1817,-0.3892,-2.231,none
G139H,139,G,H,-0.3466,-0.2316,-1.115,none
G139Q,139,G,Q,-0.2209,-0.2945,-0.4053,none
G139R,139,G,R,-1.65,-0.02653,-1.976,none
G139S,139,G,S,-0.2732,-0.1061,0.1835,none
G139T,139,G,T,-0.1867,-0.1015,-1.392,none
F140W,140,F,W,-0.009944,0.1979,-0.9071,none
F140Y,140,F,Y,-0.04594,0.04274,-0.1392,none
L141M,141,L,M,-0.1919,-0.2133,-1.571,none
L141W,141,L,W,-0.502,0.2012,-1.602,none
L141Y,141,L,Y,,0.3118,-2.243,none
L142W,142,L,W,-0.5172,-0.1388,-1.943,none
G143P,143,G,P,,-0.7791,-0.9142,none
V144A,144,V,A,-0.325,0.04882,-0.7116,none
V144I,144,V,I,0.07321,-0.09389,-0.646,none
V144L,144,V,L,-0.08943,-0.2761,-2.139,none
V144M,144,V,M,-0.2041,-0.1904,0.05257,none
V144Q,144,V,Q,0.5663,-0.4765,-2.431,none
V144S,144,V,S,-0.3317,-0.1749,-0.0508,none
V144T,144,V,T,-0.4455,0.002048,-0.4808,none
G145I,145,G,I,,-1.681,-1.942,none
G145P,145,G,P,-0.6653,-0.7136,-2.451,none
S146H,146,S,H,-0.7628,-0.2551,-0.7508,region_V
S146M,146,S,M,-0.1551,0.3161,-1.712,region_V
S146N,146,S,N,-0.07346,0.003846,-0.1776,region_V
S146V,146,S,V,,-0.4785,-2.12,region_V
S146W,146,S,W,0.2019,0.1796,-2.385,region_V
S146Y,146,S,Y,0.3245,-0.01123,-1.98,region_V
A147C,147,A,C,-0.6778,,-2.363,region_V
A147E,147,A,E,-0.9366,-0.2848,-2.194,region_V
A147I,147,A,I,-1.267,,-1.554,region_V
A147N,147,A,N,-1.22,-0.4297,-0.8563,region_V
A147Q,147,A,Q,-1.104,-0.2414,-1.266,region_V
A147S,147,A,S,-0.3281,-0.1095,-0.237,region_V
A147T,147,A,T,-0.2466,-0.2552,-0.3038,region_V
A147V,147,A,V,-0.4311,-0.1504,-0.8407,region_V
I148F,148,I,F,0.05408,0.3258,-2.033,region_V
I148L,148,I,L,-0.1183,-0.00637,-0.9056,region_V
I148M,148,I,M,0.3234,-0.06956,-2.25,region_V
I148V,148,I,V,0.0254,0.2335,0.3778,region_V
I148W,148,I,W,-0.1645,-0.4669,-2.37,region_V
S150A,150,S,A,-0.1843,-0.02785,-0.6223,region_V
S150C,150,S,C,0.2906,-0.2656,-0.9504,region_V
S150L,150,S,L,-0.05487,0.2319,-2.41,region_V
S150M,150,S,M,0.128,0.03539,-1.905,region_V
I152A,152,I,A,0.6887,-0.2548,-0.4413,region_V
I152C,152,I,C,-0.000877,-0.3417,-1.3,region_V
I152H,152,I,H,-0.2336,0.01602,-1.183,region_V
I152L,152,I,L,-0.06919,0.03539,-0.4137,region_V
I152M,152,I,M,0.3056,-0.08851,-0.14,region_V
I152N,152,I,N,-0.3275,0.2233,-2.412,region_V
I152Q,152,I,Q,,-0.3468,-1.93,region_V
I152R,152,I,R,,-0.9938,-2.21,region_V
I152T,152,I,T,0.111,-0.2397,-0.7004,region_V
I152V,152,I,V,-0.1801,-0.1265,-0.7606,region_V
I152W,152,I,W,,0.2421,0.2842,region_V
I152Y,152,I,Y,0.004891,-0.1357,-0.5445,region_V
A153G,153,A,G,-1.499,-0.6445,-2.296,region_V
A153S,153,A,S,0.1344,0.0272,-0.1184,region_V
A153T,153,A,T,0.01617,-0.029,-1.007,region_V
A153V,153,A,V,0.4316,-0.2135,-2.412,region_V
V154C,154,V,C,0.0387,-0.01231,-0.7984,region_V
V154I,154,V,I,-0.2713,0.08278,0.3662,region_V
V154L,154,V,L,0.3739,-0.1068,-1.893,region_V
V154Q,154,V,Q,-1.619,,-1.383,region_V
V154T,154,V,T,-0.1599,-0.1239,-2.234,region_V
S155A,155,S,A,0.1854,0.008509,0.3086,region_V
S155G,155,S,G,-0.1547,-0.02268,-1.312,region_V
S155K,155,S,K,-0.3473,-0.08499,-1.55,region_V
S155M,155,S,M,0.2287,-0.1628,-1.429,region_V
S155N,155,S,N,0.09366,,-2.397,region_V
S155T,155,S,T,-0.2517,0.007009,-1.777,region_V
S155V,155,S,V,-0.2903,-0.148,-2.183,region_V
K156A,156,K,A,-0.7446,-0.2203,-2.232,region_V
K156E,156,K,E,,-0.4192,-2.141,region_V
K156G,156,K,G,-0.4775,-0.09751,-2.016,region_V
K156H,156,K,H,,-0.2854,-0.7984,region_V
K156M,156,K,M,-0.2396,-0.1364,-2.41,region_V
K156N,156,K,N,0.005214,-0.2216,-0.6209,region_V
K156Q,156,K,Q,,0.008315,-0.5796,region_V
K156R,156,K,R,0.1885,0.2069,-0.221,region_V
K156S,156,K,S,-0.3055,-0.2887,-0.8306,region_V
K156T,156,K,T,-1.706,-0.4042,-1.239,region_V
K156Y,156,K,Y,-0.2161,0.13,-2.025,region_V
V157A,157,V,A,-0.3002,-0.004856,0.4036,region_V
V157C,157,V,C,-0.01008,-0.1867,0.7125,region_V
V157D,157,V,D,0.1721,-0.1476,-1.505,region_V
V157G,157,V,G,-0.4817,-0.04107,-1.149,region_V
V157I,157,V,I,-0.5851,0.1379,-2.49,region_V
V157N,157,V,N,0.06363,-0.2131,-0.8227,region_V
V157S,157,V,S,0.08352,-0.3804,0.1264,region_V
V157T,157,V,T,-0.3292,0.0577,-0.4659,region_V
L158M,158,L,M,-0.07735,-0.36,-1.641,region_V
H159A,159,H,A,-0.005563,0.047,1.235,region_V
H159C,159,H,C,0.06035,-0.1667,-0.3663,region_V
H159D,159,H,D,-0.4213,0.1111,-1.575,region_V
H159F,159,H,F,0.07777,0.009593,0.1291,region_V
H159G,159,H,G,,0.03035,-0.1345,region_V
H159I,159,H,I,0.2922,0.1727,0.4601,region_V
H159K,159,H,K,0.1744,0.168,-0.5893,region_V
H159L,159,H,L,0.1941,0.1138,1.024,region_V
H159M,159,H,M,0.3007,-0.143,0.2198,region_V
H159N,159,H,N,0.5831,-0.1204,-0.09318,region_V
H159Q,159,H,Q,0.3119,-0.1266,-0.186,region_V
H159R,159,H,R,-0.05057,-0.02013,-1.008,region_V
H159S,159,H,S,0.2894,-0.1738,-0.3205,region_V
H159T,159,H,T,0.01199,0.1885,0.1628,region_V
H159V,159,H,V,0.3791,0.1546,0.7139,region_V
H159W,159,H,W,-0.2248,-0.1682,-0.29,region_V
H159Y,159,H,Y,0.01083,0.1113,0.8249,region_V
L160A,160,L,A,-0.2665,0.02613,-0.06434,region_V
L160C,160,L,C,-0.3706,-0.237,-2.469,region_V
L160E,160,L,E,-0.673,-0.2194,-1.643,region_V
L160F,160,L,F,,-0.1255,-0.863,region_V
L160G,160,L,G,-0.5839,0.2285,-2.269,region_V
L160H,160,L,H,,-0.317,-1.803,region_V
L160I,160,L,I,0.009738,0.06933,-0.4227,region_V
L160K,160,L,K,-1.199,-0.4482,-2.132,region_V
L160M,160,L,M,0.1112,-0.08683,-0.3079,region_V
L160N,160,L,N,-0.1529,-0.1957,-0.65,region_V
L160Q,160,L,Q,0.4519,-0.06276,-0.8883,region_V
L160S,160,L,S,-0.0267,-0.5375,-1.646,region_V
L160T,160,L,T,-0.2212,-0.2756,-1.103,region_V
L160V,160,L,V,-0.1802,0.1089,0.2051,region_V
L160W,160,L,W,-0.9066,-0.1995,-1.366,region_V
L160Y,160,L,Y,-0.1935,-0.06879,-0.8438,region_V
E161A,161,E,A,-0.4794,0.0329,-0.6977,region_V
E161D,161,E,D,-0.2089,-0.1425,-0.1952,region_V
E161G,161,E,G,-0.3783,-0.05854,-0.6195,region_V
E161H,161,E,H,0.05545,0.2107,-0.0155,region_V
E161K,161,E,K,0.05236,0.2793,-0.7619,region_V
E161N,161,E,N,-0.06084,-0.157,-1.287,region_V
E161P,161,E,P,-0.3591,0.1243,-1.117,region_V
E161Q,161,E,Q,-0.9384,-0.3803,-0.2218,region_V
E161R,161,E,R,-0.1335,0.0008178,-1.756,region_V
E161S,161,E,S,0.04171,0.1469,0.1492,region_V
E161T,161,E,T,-0.7304,0.143,-0.858,region_V
E161V,161,E,V,0.4417,-0.04288,-2.218,region_V
G162A,162,G,A,-0.1648,0.1024,-0.6254,region_V
G162D,162,G,D,-0.1331,-0.337,-1.341,region_V
G162E,162,G,E,0.111,-0.1625,-1.662,region_V
G162F,162,G,F,-0.2647,-0.2034,-2.276,region_V
G162H,162,G,H,0.3697,0.08165,-1.041,region_V
G162K,162,G,K,-1.552,-0.005888,-1.31,region_V
G162L,162,G,L,-1.834,-0.3043,-2.433,region_V
G162M,162,G,M,-0.206,0.0713,-1.838,region_V
G162N,162,G,N,0.04347,-0.07068,-0.6962,region_V
G162Q,162,G,Q,-0.4374,0.2011,-1.474,region_V
G162R,162,G,R,-0.1519,-0.1181,-1.821,region_V
G162S,162,G,S,-0.2276,0.106,-1.078,region_V
G162T,162,G,T,,-0.1598,-1.727,region_V
G162Y,162,G,Y,-0.4997,-0.04439,-2.196,region_V
E163A,163,E,A,0.09709,0.2058,-2.343,region_V
E163D,163,E,D,0.0326,-0.08228,-1.946,region_V
E163Q,163,E,Q,-0.3544,0.2457,-1.62,region_V
E163S,163,E,S,-0.07907,0.2589,-0.7552,region_V
V164A,164,V,A,0.0528,-0.1315,0.2908,region_V
V164H,164,V,H,-0.1759,-0.2948,-2.417,region_V
V164I,164,V,I,-0.1116,-0.2116,-0.6869,region_V
V164L,164,V,L,-0.003777,-0.1379,-1.558,region_V
V164S,164,V,S,,-0.2546,-1.501,region_V
V164T,164,V,T,-0.5064,-0.1592,-1.061,region_V
N165A,165,N,A,-0.1311,-0.07006,-0.8041,region_V
N165C,165,N,C,0.05086,-0.1675,-0.03601,region_V
N165E,165,N,E,-0.441,0.0494,-0.4346,region_V
N165F,165,N,F,0.07025,0.07376,-1.067,region_V
N165G,165,N,G,-0.07384,0.2011,-0.4977,region_V
N165H,165,N,H,-0.02322,-0.1263,0.1448,region_V
N165I,165,N,I,-0.2995,-0.4363,-0.9343,region_V
N165K,165,N,K,-0.6717,-0.01527,-1.445,region_V
N165L,165,N,L,-0.003614,-0.04145,0.1273,region_V
N165M,165,N,M,-0.02245,0.2625,-0.0569,region_V
N165P,165,N,P,-0.6167,0.01858,-0.3513,region_V
N165Q,165,N,Q,0.08085,-0.1219,0.2169,region_V
N165R,165,N,R,-0.006797,0.1723,-0.3688,region_V
N165S,165,N,S,-0.3476,0.2079,-0.1049,region_V
N165T,165,N,T,-0.3984,0.13,0.1486,region_V
N165W,165,N,W,-0.4369,0.1532,-0.3795,region_V
N165Y,165,N,Y,0.08765,0.03176,0.3084,region_V
K166H,166,K,H,-0.6294,-0.2313,-0.9131,region_V
K166I,166,K,I,-0.2858,-0.1312,-2.27,region_V
K166L,166,K,L,-0.2321,0.04436,-2.183,region_V
K166M,166,K,M,-0.117,0.5374,-2.471,region_V
K166N,166,K,N,0.2991,0.1493,-1.04,region_V
K166Q,166,K,Q,0.2528,-0.01954,-1.625,region_V
K166R,166,K,R,0.1882,0.06455,-1.995,region_V
K166S,166,K,S,-0.6083,-0.5708,-2.26,region_V
K166T,166,K,T,-0.3819,-0.01591,-1.551,region_V
K166V,166,K,V,-0.3291,0.1099,-1.858,region_V
I167F,167,I,F,-0.5445,-0.2185,-1.692,region_V
I167L,167,I,L,0.04445,-0.2093,-0.0813,region_V
I167M,167,I,M,0.2088,0.1864,-1.669,region_V
I167N,167,I,N,,-0.2365,-2.481,region_V
I167V,167,I,V,-0.4366,-0.3067,-0.3275,region_V
K168A,168,K,A,-0.495,-0.1085,-1.325,region_V
K168C,168,K,C,0.1648,0.2892,-1.697,region_V
K168E,168,K,E,0.02512,0.1409,-1.317,region_V
K168H,168,K,H,-0.2782,-0.3085,0.04165,region_V
K168L,168,K,L,-0.9301,-0.479,-2.49,region_V
K168M,168,K,M,0.6615,-0.1981,-2.051,region_V
K168N,168,K,N,0.2742,-0.1047,-0.9886,region_V
K168Q,168,K,Q,0.09414,-0.1358,-0.932,region_V
K168R,168,K,R,-0.303,0.1512,-1.167,region_V
K168S,168,K,S,0.119,0.1769,-0.9276,region_V
K168T,168,K,T,,-0.5112,-0.8725,region_V
K168V,168,K,V,0.253,0.3338,-1.782,region_V
K168Y,168,K,Y,0.1449,0.1258,-2.357,region_V
S169A,169,S,A,0.3425,-0.07878,0.4549,region_V
S169D,169,S,D,0.4417,0.1262,0.4998,region_V
S169E,169,S,E,0.1855,0.1601,0.4982,region_V
S169F,169,S,F,0.0569,-0.01591,0.5988,region_V
S169G,169,S,G,-0.5834,-0.1191,-0.3056,region_V
S169H,169,S,H,-0.2561,0.004849,-0.07824,region_V
S169I,169,S,I,-0.8958,-0.01697,-1.002,region_V
S169K,169,S,K,0.1417,0.05056,-0.2576,region_V
S169L,169,S,L,0.06946,0.05045,-0.03308,region_V
S169M,169,S,M,0.06544,-0.1301,-0.135,region_V
S169N,169,S,N,0.02556,-0.02629,-0.04107,region_V
S169Q,169,S,Q,0.04574,0.1103,0.2342,region_V
S169R,169,S,R,-0.09053,-0.09976,-0.4546,region_V
S169T,169,S,T,-0.497,-0.04257,-0.2581,region_V
S169V,169,S,V,-1.162,0.0354,-0.3236,region_V
S169W,169,S,W,-0.192,0.08083,-1.26,region_V
S169Y,169,S,Y,-0.06349,0.1038,0.0641,region_V
A170C,170,A,C,-0.3037,0.3175,-2.272,region_V
A170G,170,A,G,-0.5822,0.374,-0.6822,region_V
A170H,170,A,H,-0.5402,-0.3249,-1.882,region_V
A170K,170,A,K,-0.3888,0.04869,-2.398,region_V
A170M,170,A,M,-0.1014,0.1178,-1.905,region_V
A170N,170,A,N,-0.4847,-0.5147,-2.046,region_V
A170Q,170,A,Q,-0.2158,-0.1724,-1.655,region_V
A170R,170,A,R,-0.7857,-0.1227,-1.696,region_V
A170S,170,A,S,-0.08903,-0.3195,-0.4209,region_V
A170T,170,A,T,0.06214,-0.3571,-2.269,region_V
A170V,170,A,V,-0.7937,0.1343,-1.972,region_V
L171I,171,L,I,0.1126,0.2097,-0.6802,region_V
L171M,171,L,M,-0.01437,0.02343,-0.5594,region_V
L171Q,171,L,Q,-0.2854,-0.07658,-1.702,region_V
L171T,171,L,T,0.05433,-0.05224,-0.2314,region_V
L171V,171,L,V,-0.1798,-0.04706,-0.6678,region_V
L172A,172,L,A,-0.03864,-0.1646,0.2006,region_V
L172C,172,L,C,-0.7814,-0.1792,-0.9766,region_V
L172D,172,L,D,0.01791,-0.01699,-0.03285,region_V
L172E,172,L,E,-0.02369,0.07945,-0.09713,region_V
L172F,172,L,F,0.1467,0.03922,-0.1957,region_V
L172G,172,L,G,0.1908,0.09376,-0.2029,region_V
L172H,172,L,H,0.07474,0.06347,0.08804,region_V
L172I,172,L,I,-0.2463,0.1113,-0.03815,region_V
L172K,172,L,K,-0.06657,0.264,-0.01688,region_V
L172M,172,L,M,0.1842,0.03899,0.4014,region_V
L172N,172,L,N,-0.1757,0.7777,-2.308,region_V
L172Q,172,L,Q,-0.3954,-0.05146,-0.6237,region_V
L172R,172,L,R,-0.06593,0.1214,-0.6173,region_V
L172S,172,L,S,-0.2781,-0.1515,0.166,region_V
L172T,172,L,T,-0.2268,-0.04223,-0.2639,region_V
L172V,172,L,V,0.0545,0.1852,0.7404,region_V
L172W,172,L,W,-0.6355,0.2748,0.1666,region_V
L172Y,172,L,Y,-0.2055,-0.1045,-0.5232,region_V
S173A,173,S,A,0.2755,-0.03131,-0.2431,region_V
S173D,173,S,D,0.5305,-0.1531,0.5369,region_V
S173E,173,S,E,-0.03432,-0.06036,-1.038,region_V
S173F,173,S,F,-0.07521,0.1064,-0.5708,region_V
S173G,173,S,G,0.06046,-0.07906,0.1255,region_V
S173H,173,S,H,-0.048,-0.02556,0.1835,region_V
S173I,173,S,I,-0.04362,0.2945,-0.7434,region_V
S173K,173,S,K,-0.2255,0.2973,-1.018,region_V
S173L,173,S,L,0.09529,-0.11,-0.3383,region_V
S173M,173,S,M,0.04178,0.07863,-0.1169,region_V
S173N,173,S,N,0.06169,-0.08501,0.1682,region_V
S173P,173,S,P,-1.091,-0.2384,-1.679,region_V
S173Q,173,S,Q,-0.1756,-0.3352,-0.7112,region_V
S173R,173,S,R,-0.2274,-0.141,-0.5484,region_V
S173T,173,S,T,0.4533,-0.1162,0.7101,region_V
S173V,173,S,V,,-0.05307,-0.1373,region_V
S173W,173,S,W,0.02802,0.4362,-0.6606,region_V
S173Y,173,S,Y,-0.206,-0.1663,-0.1534,region_V
T174A,174,T,A,-0.1525,-0.04914,-0.737,region_V
T174D,174,T,D,-0.02173,0.003189,-1.008,region_V
T174E,174,T,E,-0.01377,-0.1093,-0.4702,region_V
T174F,174,T,F,-2.132,-0.5014,-2.466,region_V
T174G,174,T,G,,-0.2692,-0.2914,region_V
T174H,174,T,H,0.2399,-0.1292,-1.155,region_V
T174K,174,T,K,-0.2118,0.07554,-1.202,region_V
T174M,174,T,M,0.04711,-0.6822,-1.868,region_V
T174N,174,T,N,-0.03775,0.03598,0.1965,region_V
T174Q,174,T,Q,-0.1911,0.07908,-0.1195,region_V
T174R,174,T,R,-0.5321,-0.1499,-1.066,region_V
T174S,174,T,S,0.03901,0.0173,-0.2558,region_V
T174V,174,T,V,-0.9285,-0.1835,-1.119,region_V
T174Y,174,T,Y,-0.1262,-0.1395,-0.9394,region_V
N175A,175,N,A,-0.06433,0.06675,-2.18,region_V
N175D,175,N,D,-0.3063,-0.1343,-0.3523,region_V
N175H,175,N,H,-0.1409,-0.1651,-0.4577,region_V
N175K,175,N,K,-0.4903,-0.03098,-1.558,region_V
N175P,175,N,P,-0.1907,-0.1896,-2.312,region_V
N175Q,175,N,Q,-1.12,-0.03718,-0.4458,region_V
N175S,175,N,S,-0.04017,0.06614,0.3,region_V
N175T,175,N,T,0.4463,-0.05274,-0.7622,region_V
K176C,176,K,C,-0.04476,0.1118,-2.492,region_V
K176H,176,K,H,-0.1499,0.1325,-1.915,region_V
K176R,176,K,R,0.2631,0.09325,-0.8883,region_V
K176S,176,K,S,-0.9462,-0.5993,-2.256,region_V
A177C,177,A,C,-0.6502,-0.6162,-2.402,region_V
A177G,177,A,G,-0.2261,-0.4724,-0.4005,region_V
A177N,177,A,N,-0.7728,-0.4109,0.085,region_V
A177S,177,A,S,-0.8363,-0.3834,-2.215,region_V
A177V,177,A,V,-0.1278,0.2197,-2.296,region_V
V178A,178,V,A,-0.1764,-0.008816,-0.6126,region_V
V178F,178,V,F,-0.5122,-0.1664,-1.72,region_V
V178H,178,V,H,-0.02985,-0.03549,-0.0814,region_V
V178I,178,V,I,-0.1318,0.07831,-0.3158,region_V
V178K,178,V,K,-0.4243,-0.2475,-2.019,region_V
V178L,178,V,L,-0.2813,0.06195,0.1537,region_V
V178M,178,V,M,0.663,0.05282,0.08801,region_V
V178Q,178,V,Q,-0.1175,-0.0152,-0.5198,region_V
V178S,178,V,S,-0.04543,-0.2287,-0.6411,region_V
V178T,178,V,T,0.6596,-0.08287,0.9494,region_V
V178W,178,V,W,-0.3119,0.05993,-0.7362,region_V
V178Y,178,V,Y,-0.1005,-0.09325,-1.047,region_V
V179C,179,V,C,0.02091,0.1144,-1.617,region_V
V179D,179,V,D,,-0.6248,-1.896,region_V
V179I,179,V,I,-0.02189,0.1844,-0.13,region_V
V179L,179,V,L,-0.3302,0.0749,-1.657,region_V
S180D,180,S,D,0.2809,0.3662,-2.064,region_V
S180E,180,S,E,0.582,-0.06015,-2.198,region_V
S180G,180,S,G,0.2877,0.03093,-0.9746,region_V
S180N,180,S,N,-0.4213,-0.426,-1.615,region_V
S180P,180,S,P,0.006993,-0.1481,-1.488,region_V
S180Q,180,S,Q,0.009532,0.2974,-0.4495,region_V
S180W,180,S,W,-0.3842,0.3114,-1.633,region_V
L181F,181,L,F,-0.09629,-0.5409,-1.607,region_V
L181M,181,L,M,-0.1416,-0.2918,-2.058,region_V
L181Y,181,L,Y,-0.2904,0.2428,-2.002,region_V
S182A,182,S,A,-0.05388,-0.003569,-0.072,region_V
S182D,182,S,D,0.4965,0.171,-1.247,region_V
S182E,182,S,E,-0.05166,0.05362,-0.7439,region_V
S182H,182,S,H,-0.005609,0.059,-1.526,region_V
S182K,182,S,K,0.01586,0.1547,0.8337,region_V
S182N,182,S,N,0.1951,0.2441,-0.007,region_V
S182Q,182,S,Q,-0.3618,-0.2493,-0.6973,region_V
S182R,182,S,R,0.3154,-0.01827,-0.3251,region_V
S182T,182,S,T,0.1951,-0.1248,-0.3094,region_V
N183A,183,N,A,-0.09262,0.1425,-1.711,region_V
N183C,183,N,C,,-0.05396,-1.817,region_V
N183D,183,N,D,0.09136,0.005234,-1.492,region_V
N183E,183,N,E,-0.09812,-0.5836,-1.915,region_V
N183G,183,N,G,-0.2566,-0.253,-1.755,region_V
N183K,183,N,K,0.412,-0.1474,-1.865,region_V
N183L,183,N,L,0.0614,-0.01654,-2.385,region_V
N183M,183,N,M,0.182,0.09872,-0.8649,region_V
N183Q,183,N,Q,0.0496,-0.2639,-1.51,region_V
N183R,183,N,R,0.1236,0.01293,-1.954,region_V
N183S,183,N,S,-0.6195,-0.221,-0.2299,region_V
N183T,183,N,T,0.2618,0.2281,-0.8741,region_V
N183W,183,N,W,0.4719,0.1677,-2.155,region_V
N183Y,183,N,Y,,-0.01048,-1.341,region_V
G184S,184,G,S,-0.4545,-0.3347,-2.159,region_V
G184W,184,G,W,0.04978,-0.2633,-2.482,region_V
V185A,185,V,A,-0.03374,-0.4154,-1.707,region_V
V185C,185,V,C,-0.7669,-0.4728,-1.684,region_V
V185E,185,V,E,0.1414,0.06574,-0.4074,region_V
V185F,185,V,F,-0.06299,0.2223,-0.0428,region_V
V185G,185,V,G,0.1382,0.05239,-0.8483,region_V
V185H,185,V,H,0.09026,-0.2731,-1.447,region_V
V185I,185,V,I,0.2697,-0.1604,0.2157,region_V
V185L,185,V,L,0.1253,0.2226,-0.4885,region_V
V185M,185,V,M,0.03028,-0.0628,-0.1848,region_V
V185Q,185,V,Q,0.00874,0.3009,-1.091,region_V
V185R,185,V,R,,-0.3846,-1.974,region_V
V185W,185,V,W,-0.4908,-0.4312,-2.439,region_V
V185Y,185,V,Y,0.04956,0.07968,-0.1793,region_V
S186A,186,S,A,0.06672,0.1466,-1.13,region_V
S186D,186,S,D,-0.1692,-0.1308,-2.397,region_V
S186G,186,S,G,-0.08452,-0.01947,-1.027,region_V
S186P,186,S,P,,-0.1819,-1.562,region_V
V187A,187,V,A,-0.09656,-0.01352,-1.065,region_V
V187C,187,V,C,-0.03125,-0.09915,-0.6387,region_V
V187I,187,V,I,-0.3086,0.2432,-0.7528,region_V
V187L,187,V,L,0.448,-0.07499,-1.653,region_V
V187M,187,V,M,-0.3004,-0.3184,-1.885,region_V
V187T,187,V,T,-0.0756,0.06674,-1.122,region_V
V187W,187,V,W,-0.02189,-0.6486,-2.496,region_V
L188A,188,L,A,0.152,-0.1242,-1.602,region_V
L188C,188,L,C,-0.8881,-0.1792,-1.736,region_V
L188F,188,L,F,-0.5955,0.07041,-0.8264,region_V
L188I,188,L,I,-0.04126,0.03957,-0.9042,region_V
L188M,188,L,M,0.212,-0.2354,0.4701,region_V
L188Q,188,L,Q,-0.924,-0.112,-1.378,region_V
L188S,188,L,S,-0.0414,0.1598,-1.149,region_V
L188T,188,L,T,-0.1367,0.006137,-0.3922,region_V
L188V,188,L,V,-0.4857,0.2132,0.1707,region_V
L188W,188,L,W,-0.3053,-0.09606,-1.165,region_V
L188Y,188,L,Y,-0.122,0.0737,-1.122,region_V
T189A,189,T,A,0.1529,0.1856,0.08549,region_V
T189C,189,T,C,,-1.046,-2.168,region_V
T189F,189,T,F,-0.02526,0.05678,0.2503,region_V
T189G,189,T,G,1.402,,-1.766,region_V
T189I,189,T,I,-0.3402,-0.09213,-0.9479,region_V
T189M,189,T,M,0.01147,-0.09875,-0.2234,region_V
T189Q,189,T,Q,-0.6591,-0.4962,-2.4,region_V
T189S,189,T,S,,-0.3271,-1.287,region_V
T189V,189,T,V,-0.2112,-0.05416,-1.899,region_V
S190A,190,S,A,-0.08022,0.2527,-1.348,region_V
S190E,190,S,E,-0.2407,0.2503,-0.9457,region_V
S190G,190,S,G,-0.1026,-0.07819,-2.133,region_V
S190H,190,S,H,-0.004388,-0.1884,0.6414,region_V
S190K,190,S,K,,-0.09974,-1.111,region_V
S190N,190,S,N,0.2616,0.1642,-0.03266,region_V
S190Q,190,S,Q,-0.2584,-0.01096,0.2903,region_V
S190R,190,S,R,0.07781,0.08455,-0.8104,region_V
S190T,190,S,T,0.07867,-0.1938,0.3656,region_V
S190W,190,S,W,0.3551,,-1.815,region_V
K191C,191,K,C,-0.2478,0.06788,-1.487,region_V
K191E,191,K,E,-0.8109,-0.6466,-1.993,region_V
K191M,191,K,M,0.17,0.2086,-1.486,region_V
K191N,191,K,N,-0.2546,-0.1212,-1.797,region_V
K191Q,191,K,Q,0.08161,-0.03053,-1.107,region_V
K191R,191,K,R,-0.06256,0.04767,0.3862,region_V
K191S,191,K,S,-0.02677,0.04008,-0.7103,region_V
K191T,191,K,T,-0.02843,0.1244,-1.536,region_V
K191V,191,K,V,-1.747,-0.4339,-1.898,region_V
V192I,192,V,I,0.03521,-0.0517,-0.08491,region_V
L193A,193,L,A,0.3189,0.03785,-0.09545,region_V
L193C,193,L,C,,-0.05966,-0.136,region_V
L193D,193,L,D,0.1591,-0.09265,1.12,region_V
L193E,193,L,E,0.03799,-0.07476,0.6964,region_V
L193F,193,L,F,0.2273,0.3569,-1.006,region_V
L193G,193,L,G,-0.5419,-0.07439,0.2967,region_V
L193H,193,L,H,0.1497,0.2253,1.387,region_V
L193M,193,L,M,0.301,0.05454,-0.4615,region_V
L193N,193,L,N,0.4356,-0.2435,0.1565,region_V
L193P,193,L,P,-0.4434,-0.2019,-1.491,region_V
L193Q,193,L,Q,0.1655,0.0789,-0.6133,region_V
L193S,193,L,S,0.5405,-0.1066,0.7566,region_V
L193T,193,L,T,-0.929,0.02518,-0.5739,region_V
L193V,193,L,V,,-0.0783,-1.178,region_V
L193W,193,L,W,-0.1369,-0.003865,0.245,region_V
L193Y,193,L,Y,0.06601,0.1541,-0.3856,region_V
D194N,194,D,N,-0.5821,-0.01631,-1.362,region_V
D194S,194,D,S,-1.003,0.02789,-1.766,region_V
L195C,195,L,C,-0.308,0.1501,-2.368,region_0
L195G,195,L,G,-0.7301,0.7862,-1.57,region_0
L195I,195,L,I,-0.5758,-0.03009,-0.5173,region_0
L195M,195,L,M,-0.3956,-0.3591,-0.9533,region_0
K196A,196,K,A,-0.6652,0.03007,-1.2,region_0
K196G,196,K,G,-0.3514,0.02234,-0.3928,region_0
K196H,196,K,H,,-0.3218,-1.716,region_0
K196Q,196,K,Q,0.215,-0.2847,-2.428,region_0
K196R,196,K,R,-0.08871,0.002617,-0.7461,region_0
N197A,197,N,A,0.03899,0.06016,-0.2626,region_0
N197C,197,N,C,0.1309,0.1354,-0.4814,region_0
N197D,197,N,D,0.342,0.02849,0.4563,region_0
N197E,197,N,E,0.4353,0.02046,0.2952,region_0
N197F,197,N,F,0.3177,0.2607,-1.107,region_0
N197G,197,N,G,-0.005951,0.05429,0.08522,region_0
N197H,197,N,H,0.04636,0.05765,-0.4786,region_0
N197I,197,N,I,0.1038,0.291,-0.5686,region_0
N197K,197,N,K,0.02235,-0.01259,-0.9993,region_0
N197L,197,N,L,0.02114,0.07953,-1.338,region_0
N197M,197,N,M,0.3073,0.06702,-0.1746,region_0
N197Q,197,N,Q,-0.2086,-0.03866,-0.6748,region_0
N197R,197,N,R,-0.1986,-0.04276,-0.8669,region_0
N197S,197,N,S,0.3563,-0.06828,0.3571,region_0
N197T,197,N,T,-0.4104,0.01033,0.2813,region_0
N197V,197,N,V,-0.1373,-0.08365,-1.595,region_0
N197W,197,N,W,0.05534,,0.08633,region_0
N197Y,197,N,Y,0.7933,0.1452,-0.8511,region_0
Y198F,198,Y,F,0.02564,0.02714,-1.061,region_0
Y198W,198,Y,W,0.02036,0.3056,-1.378,region_0
I199F,199,I,F,0.02809,-0.0418,-0.1909,region_0
I199L,199,I,L,-0.007706,-0.05421,0.5091,region_0
I199M,199,I,M,-0.02006,-0.2709,-0.3268,region_0
D200A,200,D,A,-0.3577,0.4656,-2.49,region_0
D200E,200,D,E,0.4549,-0.09297,-0.2202,region_0
D200H,200,D,H,-0.3717,-0.06484,-2.173,region_0
D200I,200,D,I,-0.08575,0.01397,-2.034,region_0
D200M,200,D,M,-0.6984,0.5265,-2.364,region_0
D200N,200,D,N,-0.2997,-0.007858,-0.412,region_0
D200Q,200,D,Q,0.05315,0.07372,-1.048,region_0
D200S,200,D,S,-0.2323,0.1549,-1.728,region_0
D200T,200,D,T,-0.09638,0.2663,-1.618,region_0
D200V,200,D,V,-0.4109,0.1554,-1.7,region_0
K201A,201,K,A,1.538,0.4839,-0.1958,region_0
K201C,201,K,C,1.173,0.508,-1.216,region_0
K201D,201,K,D,1.452,0.3303,-0.4676,region_0
K201E,201,K,E,2.514,0.4714,0.1518,region_0
K201F,201,K,F,0.2667,-0.05377,0.2048,region_0
K201G,201,K,G,1.73,0.1463,-0.6241,region_0
K201H,201,K,H,1.286,-0.06339,-0.08281,region_0
K201I,201,K,I,1.853,0.1995,-0.6486,region_0
K201L,201,K,L,0.7258,-0.13,0.1369,region_0
K201M,201,K,M,0.4621,-0.2475,0.4425,region_0
K201N,201,K,N,0.01379,-0.1842,0.3734,region_0
K201Q,201,K,Q,0.8471,0.1939,-0.4969,region_0
K201R,201,K,R,0.347,0.0229,-0.2938,region_0
K201S,201,K,S,1.8,0.315,-0.09495,region_0
K201T,201,K,T,2.036,0.2437,0.2583,region_0
K201V,201,K,V,1.803,0.1747,-1.18,region_0
K201W,201,K,W,1.301,0.3713,-0.5426,region_0
K201Y,201,K,Y,0.2179,,-0.2463,region_0
Q202A,202,Q,A,-0.3386,-0.307,-0.5609,region_0
Q202C,202,Q,C,0.7031,0.14,-0.7438,region_0
Q202D,202,Q,D,-0.4762,-0.3908,-0.1709,region_0
Q202E,202,Q,E,0.06467,0.005033,0.8291,region_0
Q202F,202,Q,F,0.3534,-0.2421,-1.7,region_0
Q202H,202,Q,H,0.4475,0.1831,-0.3141,region_0
Q202I,202,Q,I,0.2588,0.6906,-1.895,region_0
Q202K,202,Q,K,-0.1354,0.1117,-0.2288,region_0
Q202L,202,Q,L,-0.409,0.3131,-2.446,region_0
Q202M,202,Q,M,-0.1213,-0.231,-1.536,region_0
Q202N,202,Q,N,0.1334,0.0913,0.2131,region_0
Q202R,202,Q,R,0.2351,0.5537,-0.4325,region_0
Q202S,202,Q,S,0.4458,0.1283,-0.2847,region_0
Q202T,202,Q,T,0.155,0.2077,0.5966,region_0
Q202V,202,Q,V,0.3351,0.2952,-0.5771,region_0
Q202W,202,Q,W,0.6701,0.4668,-1.217,region_0
Q202Y,202,Q,Y,0.4329,0.05582,-1.003,region_0
L203I,203,L,I,0.6685,-0.1098,-0.2964,region_0
L203V,203,L,V,0.1848,0.06309,0.6856,region_0
L204A,204,L,A,1.732,0.2705,-0.2278,region_0
L204D,204,L,D,,0.5608,-1.88,region_0
L204E,204,L,E,-0.02355,0.4001,-2.247,region_0
L204F,204,L,F,0.3768,-0.1019,-0.6141,region_0
L204G,204,L,G,1.704,0.2535,-1.717,region_0
L204H,204,L,H,2.045,0.7647,-2.181,region_0
L204I,204,L,I,0.9553,-0.06441,-0.2748,region_0
L204K,204,L,K,2.131,1.026,-0.7589,region_0
L204M,204,L,M,-0.08629,0.1493,-1.201,region_0
L204N,204,L,N,1.639,-0.1717,-2.33,region_0
L204Q,204,L,Q,,0.6363,-1.829,region_0
L204R,204,L,R,1.914,1.255,-0.6334,region_0
L204S,204,L,S,2.022,0.2503,-0.707,region_0
L204T,204,L,T,1.502,-0.2143,-1.6,region_0
L204V,204,L,V,0.1128,0.04959,-0.6723,region_0
L204W,204,L,W,0.808,0.731,-0.1598,region_0
L204Y,204,L,Y,0.179,-0.1175,-0.9352,region_0
P205A,205,P,A,-0.4232,0.3753,-2.151,region_0
P205D,205,P,D,1.058,1.344,-0.8142,region_0
P205E,205,P,E,2.55,0.7733,-0.5837,region_0
P205F,205,P,F,2.175,0.3785,-2.221,region_0
P205G,205,P,G,2.536,1.0,-0.8875,region_0
P205H,205,P,H,0.5069,0.4713,-2.258,region_0
P205I,205,P,I,-0.1287,-0.7376,-2.139,region_0
P205K,205,P,K,1.964,0.2528,-1.381,region_0
P205L,205,P,L,-0.4196,-0.09473,-2.357,region_0
P205N,205,P,N,2.224,0.177,-1.84,region_0
P205Q,205,P,Q,,0.04136,-2.167,region_0
P205R,205,P,R,2.144,0.5344,-1.105,region_0
P205S,205,P,S,1.807,0.4725,-1.723,region_0
P205T,205,P,T,0.2224,0.02638,-1.143,region_0
P205V,205,P,V,0.1048,-0.1943,-2.242,region_0
P205W,205,P,W,-0.2221,0.8462,-2.442,region_0
P205Y,205,P,Y,2.005,0.4522,-1.822,region_0
I206A,206,I,A,0.7045,0.7388,-0.3923,region_0
I206D,206,I,D,1.599,0.884,-0.3706,region_0
I206E,206,I,E,1.225,0.04435,-0.1973,region_0
I206F,206,I,F,-0.2371,0.1261,-1.163,region_0
I206G,206,I,G,1.51,0.163,-1.885,region_0
I206H,206,I,H,0.5268,0.6224,0.04785,region_0
I206K,206,I,K,1.441,1.218,0.8015,region_0
I206L,206,I,L,0.8334,-0.08187,0.1825,region_0
I206M,206,I,M,0.5982,0.4163,-0.2751,region_0
I206N,206,I,N,-0.02713,0.2781,-0.6502,region_0
I206P,206,I,P,1.666,0.7845,-2.091,region_0
I206Q,206,I,Q,0.983,0.5322,-0.4238,region_0
I206R,206,I,R,0.7439,1.193,0.2995,region_0
I206S,206,I,S,0.009058,0.5185,-0.5341,region_0
I206T,206,I,T,0.6067,0.4029,-0.4252,region_0
I206V,206,I,V,0.04303,0.1897,-0.512,region_0
I206W,206,I,W,0.3789,-0.06308,-1.185,region_0
I206Y,206,I,Y,0.5441,0.5476,-0.6655,region_0
V207A,207,V,A,0.01141,0.3853,-1.752,region_0
V207D,207,V,D,,-0.2062,-1.818,region_0
V207E,207,V,E,2.231,1.191,-1.597,region_0
V207F,207,V,F,0.005117,0.2589,-0.2616,region_0
V207G,207,V,G,-0.1921,0.8624,-1.459,region_0
V207H,207,V,H,0.5821,0.8838,-1.788,region_0
V207K,207,V,K,-0.2262,0.3755,-1.83,region_0
V207L,207,V,L,-0.1801,-0.05017,-0.9032,region_0
V207M,207,V,M,-0.08635,-0.04608,-0.2984,region_0
V207N,207,V,N,1.066,1.383,-1.302,region_0
V207Q,207,V,Q,0.5881,0.1079,-1.188,region_0
V207R,207,V,R,,0.03932,-1.627,region_0
V207S,207,V,S,0.5696,0.8536,-0.8046,region_0
V207T,207,V,T,0.7805,0.5373,-0.9756,region_0
V207W,207,V,W,0.1532,-0.1369,-0.6863,region_0
V207Y,207,V,Y,0.1769,-0.3842,-1.745,region_0
N208A,208,N,A,1.966,0.2448,-0.2274,region_0
N208D,208,N,D,2.561,1.218,0.1921,region_0
N208E,208,N,E,1.228,1.262,-0.0493,region_0
N208F,208,N,F,1.224,0.1317,-1.03,region_0
N208G,208,N,G,1.602,0.2303,-0.4037,region_0
N208H,208,N,H,,1.373,-0.9081,region_0
N208I,208,N,I,2.455,1.036,-1.179,region_0
N208K,208,N,K,1.938,1.153,-0.7746,region_0
N208L,208,N,L,2.031,1.243,-0.3654,region_0
N208M,208,N,M,2.31,1.073,0.1466,region_0
N208Q,208,N,Q,,0.735,0.7043,region_0
N208R,208,N,R,2.117,0.9456,-0.8186,region_0
N208S,208,N,S,1.432,0.03297,0.2242,region_0
N208T,208,N,T,2.178,0.4054,0.1071,region_0
N208V,208,N,V,2.677,0.3378,0.1629,region_0
N208W,208,N,W,1.865,0.7684,-1.052,region_0
N208Y,208,N,Y,2.277,1.011,-0.9172,region_0
K209A,209,K,A,1.393,0.3699,0.3858,region_0
K209D,209,K,D,2.365,1.417,-0.0739,region_0
K209E,209,K,E,2.368,0.253,0.3225,region_0
K209G,209,K,G,1.794,0.2683,-0.06261,region_0
K209I,209,K,I,0.6237,0.5964,-0.07378,region_0
K209L,209,K,L,1.379,0.09925,-0.8491,region_0
K209M,209,K,M,1.175,-0.1811,-0.09051,region_0
K209N,209,K,N,2.963,1.648,1.271,region_0
K209P,209,K,P,1.803,0.8662,-1.498,region_0
K209Q,209,K,Q,1.154,0.439,0.5685,region_0
K209R,209,K,R,0.04151,-0.2497,0.2741,region_0
K209S,209,K,S,1.631,0.4131,0.3935,region_0
K209T,209,K,T,1.776,0.4422,0.2157,region_0
K209W,209,K,W,0.7411,0.1673,-0.7704,region_0
K209Y,209,K,Y,1.682,0.8588,-1.885,region_0
Q210A,210,Q,A,-0.02561,0.263,0.1979,region_0
Q210D,210,Q,D,0.0165,0.1593,-0.3647,region_0
Q210E,210,Q,E,0.2971,0.02861,0.4088,region_0
Q210F,210,Q,F,-0.4351,-0.3086,-1.574,region_0
Q210G,210,Q,G,-0.3997,-0.1081,-0.287,region_0
Q210H,210,Q,H,0.002318,-0.0653,-0.5634,region_0
Q210I,210,Q,I,-0.1112,0.1435,-0.3793,region_0
Q210K,210,Q,K,0.1311,0.1972,-1.112,region_0
Q210L,210,Q,L,0.07245,-0.007724,-0.7945,region_0
Q210M,210,Q,M,-1.8,-0.2453,-0.492,region_0
Q210N,210,Q,N,-0.1262,0.06791,0.5101,region_0
Q210R,210,Q,R,,0.2251,-2.292,region_0
Q210S,210,Q,S,0.07925,-0.05186,0.666,region_0
Q210T,210,Q,T,2.448,1.314,0.4095,region_0
Q210V,210,Q,V,0.00914,0.06467,-0.3453,region_0
Q210W,210,Q,W,-1.375,-0.536,-1.966,region_0
Q210Y,210,Q,Y,-0.06853,-0.008397,-1.083,region_0
S211A,211,S,A,-0.04628,-0.1909,0.01516,region_0
S211C,211,S,C,-0.7055,-0.3521,-2.042,region_0
S211D,211,S,D,0.3124,-0.4534,0.6497,region_0
S211E,211,S,E,0.4024,-0.1575,0.7109,region_0
S211F,211,S,F,-0.4975,-0.02095,-0.6791,region_0
S211G,211,S,G,-0.1277,-0.1243,-0.1477,region_0
S211H,211,S,H,-0.1604,-0.1129,-0.5857,region_0
S211I,211,S,I,-0.311,0.05383,-0.7645,region_0
S211K,211,S,K,-0.04556,0.3733,-0.5873,region_0
S211L,211,S,L,0.1929,-0.279,-1.2,region_0
S211M,211,S,M,0.09301,-0.1616,-0.8578,region_0
S211N,211,S,N,-0.03552,0.0878,-0.2502,region_0
S211Q,211,S,Q,-0.01913,-0.4099,-0.3441,region_0
S211R,211,S,R,1.007,0.6543,-0.1904,region_0
S211T,211,S,T,-0.03415,0.2202,0.5146,region_0
S211V,211,S,V,0.3032,0.1351,-0.2457,region_0
S211W,211,S,W,-0.1952,0.1137,-1.095,region_0
S211Y,211,S,Y,2.224,-0.2062,-2.43,region_0
C212S,212,C,S,-0.3559,-0.298,-2.471,region_0
R213A,213,R,A,0.005365,-0.1133,0.3346,region_0
R213D,213,R,D,0.3119,0.1786,0.4903,region_0
R213E,213,R,E,0.6379,0.3339,1.048,region_0
R213F,213,R,F,-0.3908,-0.2441,0.0428,region_0
R213G,213,R,G,-0.07429,-0.1456,-0.4193,region_0
R213H,213,R,H,-0.1907,-0.3302,-0.8041,region_0
R213I,213,R,I,0.3197,-0.04946,0.4765,region_0
R213K,213,R,K,0.08799,0.2025,-0.5204,region_0
R213L,213,R,L,0.04666,-0.1021,0.4981,region_0
R213M,213,R,M,0.006925,-0.02666,0.2113,region_0
R213Q,213,R,Q,0.03692,-0.2774,0.2366,region_0
R213S,213,R,S,0.6555,-0.5146,-1.091,region_0
R213T,213,R,T,0.4584,0.01515,-0.1719,region_0
R213V,213,R,V,0.1946,-0.1537,0.1463,region_0
R213Y,213,R,Y,0.0338,-0.2101,-0.4423,region_0
I214F,214,I,F,0.3593,-0.1645,-1.346,region_0
I214L,214,I,L,0.7665,0.1558,-0.3703,region_0
I214M,214,I,M,0.1772,0.07184,-0.2549,region_0
I214T,214,I,T,-0.232,0.2748,-1.437,region_0
I214V,214,I,V,0.2382,0.1187,-0.0685,region_0
S215A,215,S,A,0.1316,-0.08951,0.06152,region_0
S215D,215,S,D,0.2001,-0.1302,0.8357,region_0
S215E,215,S,E,0.4478,0.05547,0.5363,region_0
S215F,215,S,F,-0.08339,0.2315,-1.518,region_0
S215G,215,S,G,-0.1872,0.3478,-0.2005,region_0
S215I,215,S,I,-0.6287,-0.7405,-1.692,region_0
S215K,215,S,K,1.579,1.336,0.2867,region_0
S215L,215,S,L,-0.1754,-0.2957,-1.114,region_0
S215M,215,S,M,0.3561,-0.2244,-0.8844,region_0
S215N,215,S,N,-0.04838,0.07488,-0.3448,region_0
S215Q,215,S,Q,-0.0007496,-0.1275,0.564,region_0
S215R,215,S,R,0.777,0.7977,-0.4647,region_0
S215T,215,S,T,0.03176,-0.1719,0.276,region_0
S215V,215,S,V,0.2274,-0.05854,-1.648,region_0
S215W,215,S,W,0.02977,0.04936,-1.036,region_0
S215Y,215,S,Y,,0.2348,-1.501,region_0
N216A,216,N,A,0.1731,0.02264,-0.9117,region_0
N216D,216,N,D,-0.08235,-0.2462,-0.1428,region_0
N216E,216,N,E,-0.01529,-0.08108,-0.663,region_0
N216F,216,N,F,-0.03105,0.04786,-0.8079,region_0
N216G,216,N,G,-0.01313,0.01812,-0.4289,region_0
N216H,216,N,H,-0.1669,0.09702,0.1693,region_0
N216K,216,N,K,1.342,1.015,0.7148,region_0
N216L,216,N,L,-0.5902,-0.0783,-1.369,region_0
N216M,216,N,M,0.05283,-0.06963,-0.8966,region_0
N216Q,216,N,Q,-0.1284,-0.02889,0.2973,region_0
N216R,216,N,R,1.238,0.7199,-0.3105,region_0
N216S,216,N,S,0.03168,-0.121,-0.4281,region_0
N216T,216,N,T,-0.799,-0.3669,-1.329,region_0
N216Y,216,N,Y,-0.2996,-0.2649,-1.53,region_0
I217L,217,I,L,-0.1402,0.09026,0.4738,region_0
I217T,217,I,T,-0.2321,-1.12,-1.706,region_0
I217V,217,I,V,0.06237,0.1765,0.6268,region_0
E218I,218,E,I,1.143,0.1432,-2.45,region_0
E218L,218,E,L,-0.05412,0.8188,-2.226,region_0
E218Y,218,E,Y,0.3823,0.6269,-1.425,region_0
T219D,219,T,D,-0.06821,-0.0001267,-1.087,region_0
T219E,219,T,E,-0.3486,0.5593,-2.434,region_0
T219F,219,T,F,-0.1808,0.4869,-1.598,region_0
T219H,219,T,H,-1.306,-0.6764,-2.484,region_0
T219I,219,T,I,0.02662,0.1116,-0.244,region_0
T219K,219,T,K,-0.1598,0.6808,-0.8818,region_0
T219L,219,T,L,-0.07252,-0.04502,-0.6633,region_0
T219M,219,T,M,-0.2374,0.1621,-0.3562,region_0
T219Q,219,T,Q,-0.09696,0.3207,-1.714,region_0
T219R,219,T,R,-1.005,0.03297,-2.439,region_0
T219S,219,T,S,-0.9169,-0.05552,-2.431,region_0
T219V,219,T,V,0.09988,0.01845,-0.1174,region_0
V220I,220,V,I,-0.3199,-0.039,0.01411,region_0
V220L,220,V,L,-0.2712,-0.2148,-0.6305,region_0
V220W,220,V,W,,-0.08752,-2.426,region_0
I221F,221,I,F,-0.6219,0.298,-1.968,region_0
I221L,221,I,L,0.4468,0.1965,0.4112,region_0
I221M,221,I,M,0.1676,0.02597,-0.1008,region_0
I221V,221,I,V,-1.694,0.2944,-1.504,region_0
E222A,222,E,A,-0.1993,-0.2352,-2.107,region_0
E222C,222,E,C,-0.7007,-0.4983,-2.157,region_0
E222F,222,E,F,-0.4428,0.0551,-1.357,region_0
E222I,222,E,I,-0.9747,-0.3854,-1.851,region_0
E222L,222,E,L,-0.01607,0.3868,-1.024,region_0
E222M,222,E,M,-0.1716,0.03014,0.04162,region_0
E222Q,222,E,Q,0.1167,0.1825,-1.55,region_0
E222T,222,E,T,0.384,-0.4254,-1.167,region_0
E222V,222,E,V,-0.09602,-0.2652,-1.637,region_0
E222W,222,E,W,-0.2162,-0.04849,-2.015,region_0
E222Y,222,E,Y,0.0165,0.3482,-1.552,region_0
F223L,223,F,L,-1.755,-0.4724,-1.539,region_0
Q224A,224,Q,A,0.04098,0.01699,-0.4462,region_0
Q224E,224,Q,E,-0.5526,-0.285,-2.141,region_0
Q224G,224,Q,G,-0.8556,0.3492,-2.342,region_0
Q224H,224,Q,H,-0.2358,-0.1011,-1.74,region_0
Q224M,224,Q,M,0.3561,0.2079,-0.2091,region_0
Q224N,224,Q,N,-0.2401,-0.07109,-2.408,region_0
Q224S,224,Q,S,0.501,0.2404,-0.7681,region_0
Q224T,224,Q,T,0.02285,0.217,-1.841,region_0
Q224W,224,Q,W,-1.372,-0.548,-1.96,region_0
Q224Y,224,Q,Y,,-0.2705,-1.831,region_0
Q225A,225,Q,A,-0.1082,0.06625,-1.04,region_0
Q225E,225,Q,E,0.1097,0.07465,-0.7512,region_0
Q225F,225,Q,F,0.03863,0.2365,0.34,region_0
Q225H,225,Q,H,-0.1243,-0.1738,-0.6701,region_0
Q225I,225,Q,I,-1.607,0.1142,-2.14,region_0
Q225L,225,Q,L,0.004432,0.2565,0.2505,region_0
Q225M,225,Q,M,0.1682,0.1288,0.09466,region_0
Q225N,225,Q,N,-0.3824,0.04563,-0.35,region_0
Q225S,225,Q,S,-0.1856,-0.02866,-0.917,region_0
Q225T,225,Q,T,-0.08711,0.1244,-1.869,region_0
Q225V,225,Q,V,0.04558,0.143,-1.278,region_0
Q225W,225,Q,W,0.03998,-0.1331,-0.7812,region_0
Q225Y,225,Q,Y,0.2902,0.1662,0.8125,region_0
K226C,226,K,C,-0.332,-0.03699,-0.7469,region_0
K226E,226,K,E,-0.1479,-0.1573,-0.647,region_0
K226F,226,K,F,0.0292,-0.1826,-0.07366,region_0
K226I,226,K,I,0.03632,0.1713,0.3129,region_0
K226L,226,K,L,-0.4181,0.05006,-0.1125,region_0
K226M,226,K,M,0.1003,-0.1399,-0.1936,region_0
K226N,226,K,N,-0.109,-0.2063,-0.07607,region_0
K226R,226,K,R,0.02865,-0.009668,0.126,region_0
K226S,226,K,S,-0.1299,,-2.074,region_0
K226T,226,K,T,-0.431,-0.2025,0.4563,region_0
K226V,226,K,V,0.2987,0.2142,-0.07897,region_0
K226W,226,K,W,-0.09739,-0.2179,0.6277,region_0
K226Y,226,K,Y,0.07012,-0.116,-0.8777,region_0
N227H,227,N,H,-0.6057,-0.8042,-2.47,region_0
N228A,228,N,A,-0.06684,0.392,-0.3889,none
N228C,228,N,C,-1.171,-0.2427,-2.39,none
N228D,228,N,D,-0.6805,-0.09358,0.6672,none
N228E,228,N,E,-0.06078,0.3698,1.024,none
N228F,228,N,F,,-0.1599,-0.7896,none
N228G,228,N,G,-0.1457,-0.0601,-0.8188,none
N228H,228,N,H,-0.1871,-0.1335,-0.2634,none
N228I,228,N,I,0.6771,-0.5456,-2.163,none
N228L,228,N,L,0.2199,-0.003616,-2.141,none
N228M,228,N,M,0.4536,-0.03241,0.3353,none
N228Q,228,N,Q,0.2476,0.1464,0.021,none
N228R,228,N,R,0.3558,-0.02806,-1.374,none
N228S,228,N,S,0.00105,-0.07052,0.7754,none
N228T,228,N,T,0.2821,-0.04716,0.7464,none
N228V,228,N,V,0.06318,0.09549,0.9667,none
N228W,228,N,W,-0.9722,0.2606,-0.7116,none
N228Y,228,N,Y,-0.4391,0.05383,-1.119,none
L230F,230,L,F,-0.01466,0.0511,0.548,none
L230M,230,L,M,-0.1454,0.04359,-2.154,none
L231C,231,L,C,0.09189,0.0282,-2.45,none
L231I,231,L,I,-0.1535,0.1328,-1.168,none
L231Q,231,L,Q,-0.27,-0.1615,-2.048,none
L231V,231,L,V,-0.5962,-0.2418,-1.077,none
E232D,232,E,D,0.2554,-0.04913,0.125,none
E232Q,232,E,Q,0.2896,0.00437,-1.558,none
E232Y,232,E,Y,0.3146,0.2726,-2.062,none
I233L,233,I,L,0.05267,-0.01403,-0.9606,none
I233M,233,I,M,0.1823,-0.2109,-1.324,none
I233V,233,I,V,-0.07881,-0.09054,-0.2834,none
T234A,234,T,A,-0.09713,-0.2902,0.1431,none
T234E,234,T,E,-0.2495,-0.1631,-0.7903,none
T234G,234,T,G,-0.1845,-0.4535,-0.3888,none
T234H,234,T,H,-0.7077,-0.4113,-0.7675,none
T234N,234,T,N,-0.14,0.2697,-1.001,none
T234S,234,T,S,0.07034,-0.1389,-0.2346,none
T234W,234,T,W,-0.7955,-0.3079,-2.239,none
T234Y,234,T,Y,-0.3289,-0.05753,-2.194,none
R235E,235,R,E,-0.3094,-0.1199,-1.148,none
R235F,235,R,F,-0.06431,-0.4365,-1.851,none
R235G,235,R,G,-0.000682,0.131,-0.8308,none
R235H,235,R,H,0.2365,-0.01753,0.1125,none
R235K,235,R,K,0.08248,-0.06892,0.4968,none
R235L,235,R,L,0.1332,0.1327,-0.2447,none
R235M,235,R,M,-0.002597,0.1494,-1.034,none
R235N,235,R,N,-0.2045,0.637,-1.869,none
R235Q,235,R,Q,0.4382,0.1431,0.8054,none
R235T,235,R,T,0.09968,0.1912,0.1269,none
R235V,235,R,V,0.009496,0.1572,-1.244,none
R235W,235,R,W,-0.4952,-0.1649,-1.318,none
R235Y,235,R,Y,0.02508,-0.6631,-1.286,none
E236Q,236,E,Q,0.005043,-0.0485,-1.454,none
F237Y,237,F,Y,0.07678,-0.3806,-1.292,none
S238A,238,S,A,0.02193,0.03107,-0.188,none
S238C,238,S,C,0.05127,0.1811,-1.945,none
S238G,238,S,G,0.1992,-0.231,-0.755,none
S238N,238,S,N,-0.1098,-0.01973,-0.1759,none
S238Q,238,S,Q,-0.1681,0.09916,-0.72,none
V239C,239,V,C,-0.2621,-0.1875,-0.89,none
V239D,239,V,D,-1.069,-0.09184,-1.895,none
V239E,239,V,E,-0.04407,0.001012,-1.417,none
V239F,239,V,F,0.08017,0.04402,-1.445,none
V239H,239,V,H,-0.3954,-0.1269,-0.3729,none
V239I,239,V,I,,-0.03845,-0.6269,none
V239K,239,V,K,-0.6073,-0.3291,-2.475,none
V239L,239,V,L,0.2194,0.3423,-1.022,none
V239M,239,V,M,-0.2658,0.1633,-0.2165,none
V239Q,239,V,Q,-1.853,-0.02942,-1.466,none
V239R,239,V,R,-1.614,0.1929,-1.49,none
V239S,239,V,S,0.1217,0.02546,-0.007005,none
V239T,239,V,T,0.05203,-0.1235,-0.2139,none
V239Y,239,V,Y,,-0.2412,-2.286,none
N240A,240,N,A,0.0524,0.2466,1.304,none
N240C,240,N,C,0.3441,0.09889,1.495,none
N240D,240,N,D,-0.1089,0.1865,-0.9286,none
N240E,240,N,E,0.1892,0.1633,-0.05924,none
N240F,240,N,F,-0.09551,0.1115,0.03609,none
N240G,240,N,G,0.1207,0.05462,0.4708,none
N240H,240,N,H,0.2901,-0.05927,0.8922,none
N240K,240,N,K,0.5666,-0.04065,-0.7133,none
N240M,240,N,M,0.2849,0.04218,0.384,none
N240Q,240,N,Q,0.03386,0.04453,1.056,none
N240R,240,N,R,-0.319,-0.148,-0.4083,none
N240S,240,N,S,0.06277,0.02362,0.5145,none
N240T,240,N,T,0.2022,0.1971,0.3921,none
N240V,240,N,V,0.9003,0.4877,-0.6305,none
N240W,240,N,W,0.2508,0.1704,-0.3851,none
N240Y,240,N,Y,0.07723,0.1889,0.5855,none
A241C,241,A,C,-0.03911,0.00438,-0.8971,none
A241G,241,A,G,-0.2783,0.1921,-2.378,none
A241I,241,A,I,-0.1241,-0.08944,-0.7879,none
A241L,241,A,L,,-0.06836,-2.363,none
A241M,241,A,M,-0.2975,-0.6061,-2.297,none
A241S,241,A,S,0.178,0.5608,-2.436,none
A241T,241,A,T,-0.2392,0.05258,-0.9775,none
A241V,241,A,V,0.3323,-0.1091,0.5727,none
V243A,243,V,A,-0.2078,0.3248,-1.121,none
V243C,243,V,C,-0.2989,0.1959,0.3142,none
V243H,243,V,H,-0.1653,-0.2812,-2.367,none
V243T,243,V,T,-1.069,0.01061,-1.415,none
V243W,243,V,W,-0.2243,0.135,-1.815,none
T244A,244,T,A,0.3967,0.2076,0.7755,none
T244C,244,T,C,-0.06992,-0.007338,0.7492,none
T244E,244,T,E,0.1414,0.1007,0.5609,none
T244G,244,T,G,-0.3422,-0.2815,-0.02461,none
T244H,244,T,H,-1.629,-0.5156,-1.7,none
T244I,244,T,I,0.08046,0.02218,-0.0008,none
T244K,244,T,K,0.4584,0.157,-1.357,none
T244L,244,T,L,0.1184,0.08488,-0.7641,none
T244M,244,T,M,0.349,0.1094,0.1229,none
T244N,244,T,N,0.04927,0.1321,-1.604,none
T244Q,244,T,Q,-0.2494,-0.239,-0.04038,none
T244S,244,T,S,0.286,0.3086,0.2427,none
T245A,245,T,A,-0.0987,-0.00345,-1.263,none
T245C,245,T,C,-0.1151,0.1199,0.0709,none
T245F,245,T,F,-0.7322,0.09763,-1.741,none
T245G,245,T,G,0.1044,0.04689,-0.352,none
T245H,245,T,H,-0.01947,-0.04054,0.484,none
T245I,245,T,I,-0.1225,0.1196,0.03862,none
T245K,245,T,K,0.139,-0.2359,0.6313,none
T245M,245,T,M,-0.4906,-0.07206,-0.2005,none
T245N,245,T,N,-0.1935,0.02485,0.4367,none
T245Q,245,T,Q,-0.3879,0.375,0.1665,none
T245R,245,T,R,-0.07718,0.04555,0.09449,none
T245S,245,T,S,0.2272,0.1509,0.4694,none
T245V,245,T,V,-0.2086,-0.05464,-0.09396,none
T245Y,245,T,Y,-0.3391,-0.08554,-0.8577,none
P246A,246,P,A,0.2515,0.373,-2.268,none
P246G,246,P,G,0.01995,0.08868,-2.295,none
P246H,246,P,H,-0.1801,-0.01027,-0.9109,none
P246K,246,P,K,-0.09307,0.2162,-2.067,none
P246Q,246,P,Q,-0.08987,-0.08549,-1.803,none
P246R,246,P,R,0.2772,0.2042,-2.127,none
P246S,246,P,S,-0.1333,-0.04282,-2.024,none
P246T,246,P,T,0.1261,-0.2679,-2.353,none
V247A,247,V,A,-0.508,0.0275,-1.268,none
V247C,247,V,C,-0.01414,0.001851,-0.3211,none
V247L,247,V,L,0.1313,-0.01002,3e-05,none
V247M,247,V,M,0.08286,0.01874,0.6599,none
V247T,247,V,T,0.4616,0.2442,-0.6388,none
T249A,249,T,A,0.1236,-0.4069,-2.415,none
T249F,249,T,F,-0.4385,0.07926,-1.166,none
T249I,249,T,I,-0.2503,-0.08863,-2.314,none
T249L,249,T,L,0.2817,0.08343,0.4444,none
T249M,249,T,M,-0.1659,0.3335,-1.738,none
T249P,249,T,P,0.05016,-0.225,-1.568,none
T249S,249,T,S,0.7217,0.01908,-1.141,none
Y250F,250,Y,F,-0.03815,0.005978,-0.2351,none
Y250H,250,Y,H,-0.1573,0.2549,-1.09,none
Y250I,250,Y,I,-0.2538,0.02802,-2.252,none
Y250L,250,Y,L,-0.3556,-0.2032,-1.747,none
Y250M,250,Y,M,-0.08434,0.02538,-0.00275,none
Y250N,250,Y,N,-0.4685,-0.04422,-0.7037,none
Y250Q,250,Y,Q,-0.4066,-0.09731,-1.305,none
M251A,251,M,A,0.4013,-0.08952,-2.239,none
M251I,251,M,I,-0.1294,0.02912,-0.9831,none
M251L,251,M,L,-0.2536,0.2616,-1.579,none
M251Q,251,M,Q,-0.08104,0.01509,-1.829,none
M251V,251,M,V,-1.447,0.09344,-2.265,none
L252A,252,L,A,0.06839,-0.04496,-0.4317,none
L252C,252,L,C,-0.1154,0.09062,-1.804,none
L252I,252,L,I,0.303,0.05494,-0.5678,none
L252M,252,L,M,-0.2743,-0.1645,-1.086,none
L252V,252,L,V,0.05558,0.06077,-0.3157,none
T253A,253,T,A,0.0727,0.3429,-0.1932,none
T253D,253,T,D,0.1916,0.03001,-1.544,none
T253E,253,T,E,-0.04767,-0.07349,0.06104,none
T253G,253,T,G,0.616,-0.05534,-0.7322,none
T253H,253,T,H,0.3386,0.2491,0.3961,none
T253K,253,T,K,-0.3684,-0.07904,-0.9224,none
T253L,253,T,L,-0.009763,,-1.93,none
T253M,253,T,M,,0.02514,-0.3118,none
T253Q,253,T,Q,-0.125,-0.1217,0.001555,none
T253R,253,T,R,-0.1178,-0.1823,-1.534,none
T253S,253,T,S,0.01571,0.1728,0.2004,none
N254A,254,N,A,0.3158,0.4154,-0.4819,region_II
N254G,254,N,G,-0.001521,-0.1235,-0.1036,region_II
N254H,254,N,H,-0.4233,0.2205,-1.135,region_II
N254M,254,N,M,0.06797,0.1578,-1.746,region_II
N254Q,254,N,Q,,-0.1527,-0.6893,region_II
N254S,254,N,S,-0.6068,-0.0893,-1.397,region_II
N254Y,254,N,Y,,0.1467,-1.041,region_II
S255A,255,S,A,-0.397,-0.2634,0.3341,region_II
S255C,255,S,C,0.2368,0.3762,-0.8783,region_II
S255D,255,S,D,0.3341,-0.2606,-0.2431,region_II
S255E,255,S,E,0.008802,-0.1746,-1.145,region_II
S255F,255,S,F,0.07861,0.06269,0.5299,region_II
S255G,255,S,G,-0.06328,-0.02864,0.03995,region_II
S255H,255,S,H,-0.3388,-0.07227,-0.03508,region_II
S255I,255,S,I,-0.2324,-0.1133,-0.1383,region_II
S255K,255,S,K,0.03237,0.02938,-0.617,region_II
S255L,255,S,L,0.5571,0.2866,0.3736,region_II
S255M,255,S,M,-0.6328,-0.2524,-0.3972,region_II
S255N,255,S,N,0.3658,-0.03901,0.2756,region_II
S255Q,255,S,Q,-0.2635,0.01714,0.5968,region_II
S255R,255,S,R,0.3533,0.04574,-0.3323,region_II
S255T,255,S,T,-0.0585,-0.001488,0.3078,region_II
S255V,255,S,V,0.02131,0.4573,0.3289,region_II
S255W,255,S,W,-0.09034,0.04934,0.194,region_II
S255Y,255,S,Y,-0.2966,0.07356,-0.221,region_II
E256D,256,E,D,-0.3019,-0.001586,-2.207,region_II
L257A,257,L,A,-0.02531,0.3051,-2.173,region_II
L257F,257,L,F,-0.01623,0.3056,-0.6249,region_II
L257I,257,L,I,0.009229,0.129,0.3996,region_II
L257M,257,L,M,-0.1011,-0.04962,0.1979,region_II
L257V,257,L,V,-0.09579,-0.01066,0.4859,region_II
L257Y,257,L,Y,0.06499,-0.01868,-0.4133,region_II
L258A,258,L,A,0.04307,0.1262,-1.011,region_II
L258C,258,L,C,,-0.09143,-2.226,region_II
L258D,258,L,D,-1.418,-0.6777,-1.813,region_II
L258E,258,L,E,-0.02143,0.09827,-1.87,region_II
L258F,258,L,F,0.07928,0.2045,-0.1575,region_II
L258G,258,L,G,-0.01636,0.1651,-1.324,region_II
L258H,258,L,H,0.1797,0.253,-1.112,region_II
L258I,258,L,I,-0.4739,-0.0584,-0.3205,region_II
L258K,258,L,K,0.01676,0.3679,-0.3032,region_II
L258M,258,L,M,0.1935,0.004524,0.2918,region_II
L258N,258,L,N,-0.02997,-0.1699,-0.2105,region_II
L258Q,258,L,Q,0.5656,0.1164,0.4824,region_II
L258R,258,L,R,0.1324,-0.09032,-1.536,region_II
L258S,258,L,S,0.07387,0.01067,-0.9355,region_II
L258V,258,L,V,-0.1293,0.004007,-1.127,region_II
L258W,258,L,W,-0.3953,0.001548,-0.4195,region_II
L258Y,258,L,Y,-0.163,-0.06066,0.4428,region_II
S259A,259,S,A,0.0008544,-0.01593,0.3194,region_II
S259C,259,S,C,-0.3905,0.03535,-0.8438,region_II
S259D,259,S,D,0.1858,0.08636,0.2898,region_II
S259E,259,S,E,-0.1473,0.02203,0.5071,region_II
S259G,259,S,G,0.04688,0.0633,0.3844,region_II
S259H,259,S,H,-0.05202,-0.2976,-0.5948,region_II
S259I,259,S,I,0.1338,0.2319,-0.7242,region_II
S259K,259,S,K,-0.1543,-0.0731,-1.182,region_II
S259L,259,S,L,-0.1038,-0.227,-0.2494,region_II
S259M,259,S,M,-0.1698,-0.1681,0.8986,region_II
S259N,259,S,N,0.03822,-0.1425,0.08537,region_II
S259Q,259,S,Q,-0.1051,-0.2074,-0.1888,region_II
S259R,259,S,R,0.1837,-0.05614,-0.6772,region_II
S259T,259,S,T,-0.04311,-0.4035,-0.5956,region_II
S259V,259,S,V,-0.04827,-0.03277,0.03062,region_II
S259W,259,S,W,-0.5891,-0.2549,-0.9093,region_II
S259Y,259,S,Y,-0.0304,-0.03896,-0.0021,region_II
L260A,260,L,A,-0.3321,-0.03079,-1.185,region_II
L260C,260,L,C,0.1002,-0.1001,-2.005,region_II
L260E,260,L,E,-1.15,-0.08742,-1.527,region_II
L260F,260,L,F,-0.1619,-0.2991,-0.8013,region_II
L260H,260,L,H,0.3211,0.02692,-1.879,region_II
L260M,260,L,M,,-0.2077,0.1612,region_II
L260Q,260,L,Q,-0.3645,0.1088,-0.9935,region_II
L260S,260,L,S,,-0.1387,-1.629,region_II
L260V,260,L,V,-0.02817,-0.03423,0.7156,region_II
L260Y,260,L,Y,-0.009896,0.2516,-2.096,region_II
I261F,261,I,F,-0.3845,0.385,-2.293,region_II
I261L,261,I,L,-0.4749,0.1503,-0.7982,region_II
I261M,261,I,M,-0.4754,-0.01633,-1.355,region_II
I261V,261,I,V,-0.06217,0.04628,0.1164,region_II
N262A,262,N,A,-0.04716,0.006923,-0.3185,region_II
N262C,262,N,C,0.1106,-0.1191,-1.45,region_II
N262D,262,N,D,-0.2739,-0.1884,-1.53,region_II
N262E,262,N,E,-0.06209,0.2179,-0.8736,region_II
N262F,262,N,F,-0.006264,-0.2066,-1.686,region_II
N262G,262,N,G,-0.3069,0.0107,-0.3622,region_II
N262H,262,N,H,-0.02881,0.1489,-0.7463,region_II
N262I,262,N,I,-0.07896,-0.4333,-1.23,region_II
N262K,262,N,K,-0.01396,0.1449,-0.9393,region_II
N262L,262,N,L,-0.1348,0.3031,-0.05524,region_II
N262M,262,N,M,-0.1809,-0.3489,-0.5627,region_II
N262Q,262,N,Q,0.2074,-0.03769,-0.0636,region_II
N262R,262,N,R,0.08232,0.2205,-0.09914,region_II
N262S,262,N,S,0.04824,0.1692,-0.6054,region_II
N262T,262,N,T,-0.4479,-0.3048,-0.648,region_II
N262V,262,N,V,-0.1683,-0.4884,-0.5482,region_II
N262W,262,N,W,-0.9605,-0.08801,-1.66,region_II
N262Y,262,N,Y,-0.09975,0.09377,-0.3135,region_II
D263A,263,D,A,0.3989,-0.04407,-1.849,region_II
D263C,263,D,C,-0.1388,0.06355,-0.917,region_II
D263E,263,D,E,-0.002094,0.08943,0.2604,region_II
D263F,263,D,F,-0.08272,0.1372,0.1069,region_II
D263G,263,D,G,-0.1986,0.1889,-1.661,region_II
D263H,263,D,H,0.07643,-0.003663,-1.042,region_II
D263I,263,D,I,-1.743,-0.6255,-1.673,region_II
D263L,263,D,L,-0.2459,0.2492,-1.454,region_II
D263M,263,D,M,-0.04364,0.3242,-1.442,region_II
D263N,263,D,N,-0.384,0.06974,-1.582,region_II
D263Q,263,D,Q,,0.05877,-0.3595,region_II
D263S,263,D,S,-1.085,0.07512,-2.016,region_II
D263T,263,D,T,0.00926,0.3021,-0.3231,region_II
D263V,263,D,V,0.09037,-0.1341,-0.3095,region_II
D263W,263,D,W,0.3504,0.3423,-1.542,region_II
D263Y,263,D,Y,0.03062,0.1301,0.04486,region_II
M264A,264,M,A,-0.1469,0.2579,-2.356,region_II
M264F,264,M,F,-0.1853,0.1247,-1.639,region_II
M264I,264,M,I,-0.205,-0.0169,-0.9889,region_II
M264L,264,M,L,0.07127,0.06031,-1.258,region_II
P265A,265,P,A,,0.1061,-1.255,region_II
P265G,265,P,G,0.4199,0.245,-1.504,region_II
P265H,265,P,H,0.1617,-0.2714,-1.282,region_II
P265I,265,P,I,,0.2189,-2.32,region_II
P265Q,265,P,Q,-0.1927,-0.3957,0.3912,region_II
P265R,265,P,R,-0.1344,-0.01801,-1.363,region_II
P265S,265,P,S,-0.375,0.002445,-1.546,region_II
P265T,265,P,T,-0.237,0.08728,-1.828,region_II
P265V,265,P,V,-0.282,0.1109,-1.011,region_II
P265Y,265,P,Y,-0.2024,0.2049,-2.22,region_II
I266A,266,I,A,0.08729,-0.04938,-0.875,region_II
I266C,266,I,C,,-0.1962,-0.8515,region_II
I266G,266,I,G,-0.285,-0.5149,-2.314,region_II
I266L,266,I,L,-0.294,0.001074,-1.309,region_II
I266M,266,I,M,-0.3965,0.1744,-0.2343,region_II
I266N,266,I,N,-0.2284,-0.07153,-2.367,region_II
I266Q,266,I,Q,0.1519,0.368,-2.333,region_II
I266S,266,I,S,,-0.4291,-1.718,region_II
I266T,266,I,T,0.07604,0.405,-0.4551,region_II
I266V,266,I,V,0.03893,0.02186,0.2394,region_II
T267F,267,T,F,-0.9115,-0.244,-1.04,region_II
T267W,267,T,W,-0.06115,-0.4076,-0.8371,region_II
T267Y,267,T,Y,0.004085,-0.1535,0.5352,region_II
N268F,268,N,F,0.03745,0.07496,-0.6554,region_II
N268H,268,N,H,0.4053,0.05114,-1.159,region_II
N268I,268,N,I,-1.247,-0.01338,-1.678,region_II
N268L,268,N,L,0.4517,0.02286,0.00415,region_II
N268M,268,N,M,0.09153,-0.07806,-1.446,region_II
N268P,268,N,P,-0.0296,0.4585,-0.6352,region_II
N268Q,268,N,Q,-0.007793,-0.07021,-0.7879,region_II
N268W,268,N,W,0.04968,-0.08751,-0.798,region_II
N268Y,268,N,Y,0.1788,0.1827,-1.204,region_II
D269A,269,D,A,0.02535,0.4115,-1.914,region_II
D269C,269,D,C,-0.753,0.3098,-1.937,region_II
Q270C,270,Q,C,-0.8822,-0.5133,-2.359,region_II
Q270G,270,Q,G,0.3764,-0.08276,-2.16,region_II
Q270N,270,Q,N,-0.1411,-0.3989,-2.449,region_II
Q270V,270,Q,V,0.08335,0.3814,-0.9603,region_II
K271A,271,K,A,-0.1626,-0.1902,-1.745,region_II
K271M,271,K,M,0.1956,-0.2806,-1.475,region_II
K271Q,271,K,Q,-0.3072,-0.04179,-2.024,region_II
K271R,271,K,R,-0.0602,-0.09739,-0.3178,region_II
K272A,272,K,A,-0.09171,-0.02744,0.5693,region_II
K272C,272,K,C,-1.146,0.09496,-0.6889,region_II
K272D,272,K,D,0.05168,-0.0875,-0.7762,region_II
K272E,272,K,E,-0.02814,0.07106,-0.04235,region_II
K272F,272,K,F,,-0.07745,0.6101,region_II
K272G,272,K,G,-0.477,-0.2472,0.4349,region_II
K272H,272,K,H,-0.0005059,-0.384,-1.05,region_II
K272I,272,K,I,0.144,0.08621,0.08129,region_II
K272L,272,K,L,-0.4034,0.04818,0.5061,region_II
K272M,272,K,M,0.09504,-0.0912,1.057,region_II
K272N,272,K,N,0.08505,-0.1576,-0.1791,region_II
K272Q,272,K,Q,0.2244,-0.0009879,-0.2952,region_II
K272R,272,K,R,-0.1574,-0.1341,0.2981,region_II
K272S,272,K,S,0.1355,-0.3981,-0.04405,region_II
K272T,272,K,T,0.116,-0.02582,-0.06701,region_II
K272V,272,K,V,0.3113,0.2036,0.4605,region_II
K272W,272,K,W,-0.0969,-0.07419,1.19,region_II
K272Y,272,K,Y,0.03183,-0.008883,0.4723,region_II
L273C,273,L,C,0.01777,0.1623,-0.4755,region_II
L273H,273,L,H,,0.1939,-2.07,region_II
L273M,273,L,M,-0.1237,0.05337,-1.575,region_II
L273Q,273,L,Q,-0.2805,0.1127,-1.509,region_II
L273T,273,L,T,0.2449,0.01209,-0.6171,region_II
L273V,273,L,V,0.009438,0.0325,-0.4574,region_II
L273Y,273,L,Y,0.05489,0.2607,-2.395,region_II
M274A,274,M,A,-0.5376,-0.02966,-1.738,region_II
M274C,274,M,C,-0.5051,0.2273,-1.506,region_II
M274I,274,M,I,-0.5456,0.06898,-2.142,region_II
M274V,274,M,V,0.05247,0.09138,-2.157,region_II
S275A,275,S,A,,-0.08081,0.3438,region_II
S275C,275,S,C,0.01789,-0.1689,0.3115,region_II
S275D,275,S,D,0.005818,0.2302,-1.291,region_II
S275E,275,S,E,,0.03601,-1.202,region_II
S275F,275,S,F,0.1606,0.2669,-0.2246,region_II
S275G,275,S,G,-0.06718,0.1906,-0.272,region_II
S275H,275,S,H,-0.5462,-0.07172,-0.6763,region_II
S275I,275,S,I,-0.2301,-0.1026,-0.1888,region_II
S275K,275,S,K,0.06767,0.4575,-0.4769,region_II
S275L,275,S,L,-0.3299,-0.09287,0.1622,region_II
S275M,275,S,M,0.07575,0.04706,1.219,region_II
S275N,275,S,N,-0.1485,0.04758,-0.7948,region_II
S275Q,275,S,Q,-0.007963,0.01325,-0.1704,region_II
S275R,275,S,R,0.1365,0.1695,-0.7178,region_II
S275T,275,S,T,0.1885,0.2351,-0.2354,region_II
S275V,275,S,V,-0.06304,0.1893,-0.5464,region_II
S275W,275,S,W,-0.3105,0.003993,-0.4575,region_II
S275Y,275,S,Y,0.02439,0.1036,0.3685,region_II
N276A,276,N,A,0.2373,-0.1076,-0.2369,region_II
N276C,276,N,C,0.1331,-0.1064,-0.2263,region_II
N276D,276,N,D,0.1776,0.2509,-0.4772,region_II
N276E,276,N,E,-0.2213,-0.3117,-0.004159,region_II
N276F,276,N,F,0.1976,0.1441,0.3019,region_II
N276G,276,N,G,0.4306,0.1501,0.439,region_II
N276H,276,N,H,-0.1259,-0.0402,0.277,region_II
N276I,276,N,I,0.02407,-0.09635,0.5891,region_II
N276K,276,N,K,0.2429,0.02668,0.274,region_II
N276L,276,N,L,0.1677,0.1105,1.508,region_II
N276M,276,N,M,-0.08832,-0.09127,0.377,region_II
N276Q,276,N,Q,-1.018,-0.4695,-0.2441,region_II
N276R,276,N,R,0.02575,0.2253,-0.157,region_II
N276S,276,N,S,0.06759,-0.1557,0.6924,region_II
N276T,276,N,T,0.1234,0.07752,0.1717,region_II
N276V,276,N,V,0.14,0.04978,0.7976,region_II
N276W,276,N,W,0.3439,0.2455,0.5129,region_II
N276Y,276,N,Y,-0.1992,-0.2064,-0.1311,region_II
N277A,277,N,A,-0.3888,-0.1901,0.3242,region_II
N277C,277,N,C,0.08365,-0.03017,-1.935,region_II
N277F,277,N,F,-0.2209,-0.2663,-1.388,region_II
N277G,277,N,G,-0.4542,-0.1483,-0.1717,region_II
N277H,277,N,H,0.2154,0.1917,0.2981,region_II
N277K,277,N,K,0.2749,0.2468,-1.952,region_II
N277M,277,N,M,0.02252,0.3135,0.0079,region_II
N277Q,277,N,Q,0.1073,0.2409,-0.7203,region_II
N277S,277,N,S,-0.4042,-0.06899,-1.264,region_II
N277T,277,N,T,-0.2178,0.06653,-0.6069,region_II
N277Y,277,N,Y,-0.004347,-0.4601,-1.836,region_II
V278A,278,V,A,-0.05967,-0.1754,-0.3887,none
V278C,278,V,C,-0.05733,0.2191,-0.7518,none
V278G,278,V,G,-0.3806,-0.07525,-1.727,none
V278I,278,V,I,,0.04123,-0.6096,none
V278M,278,V,M,0.3257,0.05171,-1.659,none
V278P,278,V,P,0.02835,-0.06695,0.8042,none
V278R,278,V,R,-0.03407,0.07227,-0.7096,none
Q279C,279,Q,C,-0.1547,0.04386,-2.103,none
Q279M,279,Q,M,0.07314,-0.01576,-0.3085,none
Q279N,279,Q,N,0.0326,-0.01057,-2.287,none
Q279V,279,Q,V,-0.5351,-0.4714,-0.8401,none
Q279W,279,Q,W,0.2967,-0.1068,-1.837,none
I280F,280,I,F,-0.06874,-0.1822,-1.325,none
I280L,280,I,L,-0.06839,-0.02365,-0.5888,none
I280R,280,I,R,0.08106,0.1534,-2.434,none
I280V,280,I,V,0.04502,0.1444,-0.3668,none
I280W,280,I,W,0.02491,0.2265,-1.746,none
I280Y,280,I,Y,0.1716,-0.1062,-1.779,none
V281A,281,V,A,0.1012,0.09596,-1.143,none
V281I,281,V,I,-0.5254,-0.2648,-0.7209,none
V281L,281,V,L,0.03528,-0.1346,-1.318,none
V281M,281,V,M,0.0601,0.01214,-0.3083,none
V281T,281,V,T,-0.03719,-0.02632,-1.854,none
Q283A,283,Q,A,-0.1814,-0.1136,-1.071,none
Q283C,283,Q,C,-0.04529,-0.1827,-0.9497,none
Q283F,283,Q,F,-0.159,-0.7179,-1.56,none
Q283G,283,Q,G,-0.2586,-0.1957,0.5376,none
Q283H,283,Q,H,-0.06677,0.08159,-0.837,none
Q283I,283,Q,I,0.1674,0.1581,-1.261,none
Q283K,283,Q,K,-0.02894,-0.2774,-1.196,none
Q283L,283,Q,L,0.02544,-0.02156,0.6761,none
Q283M,283,Q,M,-0.1263,0.06545,-0.332,none
Q283R,283,Q,R,-0.01603,-0.03824,-1.178,none
Q283S,283,Q,S,-0.3359,-0.5865,-1.201,none
Q283T,283,Q,T,-0.05873,-0.176,-0.0658,none
Q283V,283,Q,V,-0.277,-0.3125,-1.286,none
Q283W,283,Q,W,0.1403,-0.05907,-2.194,none
Q283Y,283,Q,Y,-0.06779,-0.1233,-1.452,none
Q284A,284,Q,A,0.4429,-0.1755,-0.8406,none
Q284C,284,Q,C,0.4633,0.1394,-1.633,none
Q284F,284,Q,F,-0.1129,-0.106,0.6129,none
Q284G,284,Q,G,-0.183,-0.1012,-0.6284,none
Q284H,284,Q,H,0.1247,-0.3053,0.3453,none
Q284I,284,Q,I,,-0.08564,0.09945,none
Q284K,284,Q,K,-0.1341,0.006194,-0.4387,none
Q284L,284,Q,L,-0.3862,0.01934,-0.895,none
Q284M,284,Q,M,0.2904,0.04468,-0.7601,none
Q284N,284,Q,N,0.06927,-0.09779,-0.5702,none
Q284R,284,Q,R,,-0.4687,-1.325,none
Q284S,284,Q,S,,0.1537,-1.473,none
Q284T,284,Q,T,-0.2004,0.181,-1.571,none
Q284V,284,Q,V,0.008734,0.4338,-1.64,none
Q284W,284,Q,W,-0.3244,-0.1882,-0.9558,none
Q284Y,284,Q,Y,-0.1328,-0.1525,-0.03963,none
S285A,285,S,A,,0.2141,-0.3345,none
S285C,285,S,C,-0.9348,-0.1369,-2.29,none
S285G,285,S,G,0.3494,-0.325,-0.1626,none
S285M,285,S,M,-0.4648,0.2586,-1.49,none
S285T,285,S,T,-0.7996,-0.1705,-2.346,none
S285Y,285,S,Y,0.03808,,-2.441,none
Y286F,286,Y,F,-0.08795,-0.009314,-0.6693,none
Y286H,286,Y,H,-0.191,-0.1849,-1.582,none
Y286W,286,Y,W,-0.4685,-0.1976,-0.5261,none
S287A,287,S,A,0.02019,-0.006065,-0.1219,region_V
S287C,287,S,C,-0.06499,-0.123,-0.2618,region_V
S287G,287,S,G,0.222,0.1998,-0.1206,region_V
S287T,287,S,T,-0.4948,0.2479,-0.2923,region_V
S287V,287,S,V,-0.7915,-0.4807,-1.181,region_V
I288H,288,I,H,0.449,0.09037,-2.317,region_V
I288L,288,I,L,0.07887,0.1888,-0.3023,region_V
I288V,288,I,V,,-0.3956,-1.953,region_V
M289H,289,M,H,-0.3329,-0.1826,-1.47,region_V
M289W,289,M,W,,0.2502,-1.418,region_V
M289Y,289,M,Y,-0.04978,-0.09222,-0.5126,region_V
S290A,290,S,A,0.06499,-0.01398,0.1054,region_V
S290G,290,S,G,0.1464,-0.05998,1.015,region_V
I291A,291,I,A,-0.1851,0.01782,-1.056,region_V
I291C,291,I,C,-0.09009,0.1639,-1.347,region_V
I291F,291,I,F,-0.7189,-0.1157,-2.014,region_V
I291L,291,I,L,-0.0629,-0.07983,-1.327,region_V
I291M,291,I,M,-0.8529,0.03231,-1.627,region_V
I291S,291,I,S,0.1133,-0.02012,-2.304,region_V
I291T,291,I,T,-1.684,0.2417,-1.242,region_V
I291V,291,I,V,0.08977,0.06505,-0.2303,region_V
I292C,292,I,C,0.13,0.08665,-0.7525,region_V
I292F,292,I,F,0.08304,0.4001,-0.735,region_V
I292L,292,I,L,0.3905,0.02698,-0.9935,region_V
I292M,292,I,M,-0.04298,-0.106,-0.7366,region_V
I292Q,292,I,Q,0.5358,0.01901,-0.4095,region_V
I292T,292,I,T,0.1697,-0.1455,-0.2945,region_V
I292V,292,I,V,0.1038,-0.3436,-0.01995,region_V
I292W,292,I,W,-0.0289,0.03287,-0.3822,region_V
I292Y,292,I,Y,0.4435,0.01711,-1.072,region_V
K293A,293,K,A,-0.06677,-0.02611,-0.8705,region_V
K293C,293,K,C,-0.5415,0.3598,-0.8212,region_V
K293D,293,K,D,0.2475,0.2115,-0.9939,region_V
K293E,293,K,E,-0.4058,0.08768,-1.24,region_V
K293F,293,K,F,,-0.1202,-1.104,region_V
K293G,293,K,G,,-0.5229,-0.6431,region_V
K293H,293,K,H,,0.00358,-2.231,region_V
K293I,293,K,I,-0.08434,-0.01793,-0.2419,region_V
K293L,293,K,L,0.001183,0.03915,0.2239,region_V
K293M,293,K,M,0.1338,-0.02512,0.2872,region_V
K293N,293,K,N,-0.7784,-0.3285,-2.143,region_V
K293Q,293,K,Q,,-0.3332,-1.556,region_V
K293R,293,K,R,-0.03871,-0.3545,-0.2384,region_V
K293S,293,K,S,-0.9156,0.1299,-1.449,region_V
K293T,293,K,T,-0.4453,0.3037,-1.33,region_V
K293V,293,K,V,-0.1339,-0.07411,0.06995,region_V
K293W,293,K,W,-0.2586,-0.01911,-1.746,region_V
K293Y,293,K,Y,0.644,-0.02222,-0.06775,region_V
E294C,294,E,C,0.1219,0.1431,-0.05826,region_V
E294D,294,E,D,-0.1983,0.227,0.05195,region_V
E294F,294,E,F,-0.4445,-0.4259,-0.9788,region_V
E294G,294,E,G,0.08061,-0.01504,-1.098,region_V
E294H,294,E,H,0.695,-0.2417,-2.048,region_V
E294L,294,E,L,-0.6913,-0.5642,-1.246,region_V
E294M,294,E,M,-0.2051,-0.258,-0.8115,region_V
E294N,294,E,N,-0.06771,-0.123,-0.3003,region_V
E294Q,294,E,Q,-0.1765,-0.04336,-0.1431,region_V
E294S,294,E,S,0.1516,-0.1118,-0.00865,region_V
E294T,294,E,T,-0.05031,-0.1425,-1.338,region_V
E294W,294,E,W,-0.2812,0.01152,-0.6482,region_V
E294Y,294,E,Y,,0.0001694,-1.161,region_V
E295A,295,E,A,,-0.01241,-0.4886,region_V
E295D,295,E,D,0.02532,0.08915,-0.06526,region_V
E295F,295,E,F,,-0.5387,-1.41,region_V
E295G,295,E,G,-0.2239,0.01847,-0.4756,region_V
E295L,295,E,L,-0.2215,-0.1483,-1.559,region_V
E295M,295,E,M,-0.4022,-0.002211,-0.9163,region_V
E295Q,295,E,Q,0.05202,-0.09535,-0.7461,region_V
E295S,295,E,S,0.02577,-0.3938,-1.006,region_V
V296C,296,V,C,-0.1983,-0.01516,-0.5232,region_V
V296F,296,V,F,-0.1723,0.1552,-1.318,region_V
V296I,296,V,I,0.1569,-0.03394,0.2609,region_V
V296L,296,V,L,0.05923,-0.1681,-0.1726,region_V
V296M,296,V,M,-0.4703,0.03173,-0.2646,region_V
V296T,296,V,T,0.06673,-0.162,-0.3266,region_V
V296W,296,V,W,,-0.05362,-2.286,region_V
V296Y,296,V,Y,0.2869,,-1.035,region_V
L297A,297,L,A,0.02543,-0.04837,-0.9471,region_V
L297C,297,L,C,-0.07444,-0.08809,-0.9421,region_V
L297F,297,L,F,-0.1402,-0.2451,-1.565,region_V
L297I,297,L,I,0.2111,0.02447,-0.7263,region_V
L297M,297,L,M,-0.1944,-0.2075,-1.3,region_V
L297V,297,L,V,-0.02185,0.06385,-0.8161,region_V
A298C,298,A,C,-0.03849,0.2359,-0.3977,region_V
A298G,298,A,G,0.04642,0.03795,0.4255,region_V
A298L,298,A,L,-0.3049,-0.2329,-2.259,region_V
A298M,298,A,M,-0.6646,-0.2577,-1.488,region_V
A298N,298,A,N,,-0.7928,-2.308,region_V
Y299F,299,Y,F,-0.2918,-0.3612,-0.5455,region_V
Y299W,299,Y,W,-0.5531,-0.09953,-0.6217,region_V
V300I,300,V,I,0.2373,0.1065,-1.486,region_V
V301A,301,V,A,0.02034,0.08251,-1.697,region_III
V301C,301,V,C,-0.02377,-0.04858,-2.312,region_III
V301I,301,V,I,-0.246,-0.2194,-0.1903,region_III
V301L,301,V,L,0.08117,0.1355,-0.3237,region_III
V301M,301,V,M,0.01525,-0.01884,-0.372,region_III
V301T,301,V,T,0.1202,-0.01505,-0.6064,region_III
L303A,303,L,A,-0.1313,-0.1649,-1.709,region_III
L303M,303,L,M,0.07543,-0.1614,-0.9928,region_III
L303T,303,L,T,-0.04775,0.01696,-1.816,region_III
L303V,303,L,V,-0.2443,-0.04242,-0.4173,region_III
L305C,305,L,C,-0.7244,-0.6088,-2.171,region_III
L305E,305,L,E,0.02021,,-2.058,region_III
L305F,305,L,F,-0.3308,-0.1024,-1.353,region_III
L305H,305,L,H,-0.191,-0.1533,-0.6303,region_III
L305I,305,L,I,0.01416,0.03942,0.1972,region_III
L305K,305,L,K,,-0.006913,-1.781,region_III
L305M,305,L,M,-0.1843,-0.2545,-0.4879,region_III
L305Q,305,L,Q,,-0.5229,-0.9113,region_III
L305S,305,L,S,-0.3892,-0.09779,-2.05,region_III
L305T,305,L,T,-0.3565,-0.4422,-1.46,region_III
L305V,305,L,V,-0.06511,-0.2323,-0.01502,region_III
L305Y,305,L,Y,-0.3006,0.09721,-0.6113,region_III
Y306F,306,Y,F,-0.02545,0.09032,-0.5537,region_III
Y306L,306,Y,L,-0.04919,0.03373,-1.566,region_III
Y306M,306,Y,M,-0.5218,-0.1368,-0.9413,region_III
Y306W,306,Y,W,-0.04301,0.07206,0.2886,region_III
G307A,307,G,A,-0.4216,0.1897,-0.7892,region_III
G307H,307,G,H,-0.1674,-0.7865,-1.41,region_III
G307L,307,G,L,0.1236,-0.2403,-1.805,region_III
G307M,307,G,M,-0.2832,-0.1028,-1.139,region_III
G307N,307,G,N,0.5293,-0.1809,-1.149,region_III
G307Q,307,G,Q,-0.2257,-0.1222,-1.159,region_III
G307R,307,G,R,0.04926,0.09743,-1.86,region_III
G307S,307,G,S,-0.2487,0.0055,-1.339,region_III
G307T,307,G,T,-0.4931,-0.2226,-1.132,region_III
D310E,310,D,E,0.2405,0.07491,-1.112,region_III
P312C,312,P,C,-0.1177,-0.3484,-1.996,region_III
P312D,312,P,D,-0.2178,-0.07656,0.5737,region_III
P312E,312,P,E,0.5274,-0.1702,-0.1969,region_III
P312F,312,P,F,0.1076,0.3614,-0.8446,region_III
P312G,312,P,G,0.07825,-0.02864,0.9282,region_III
P312H,312,P,H,-0.3786,-0.07407,0.6659,region_III
P312I,312,P,I,-0.3563,-0.08513,-1.449,region_III
P312K,312,P,K,-0.3701,0.03631,-0.4009,region_III
P312L,312,P,L,-0.1636,-0.1216,-0.6502,region_III
P312M,312,P,M,-0.6394,-0.1001,-0.8005,region_III
P312N,312,P,N,-0.69,-0.1209,-0.05055,region_III
P312Q,312,P,Q,0.02453,-0.1164,0.2294,region_III
P312R,312,P,R,-1.236,-0.2033,-0.9904,region_III
P312S,312,P,S,0.03443,-0.1453,0.1644,region_III
P312T,312,P,T,-0.1787,-0.01149,-0.2676,region_III
P312V,312,P,V,-0.1885,-0.08399,-1.305,region_III
P312W,312,P,W,-0.1887,0.1929,-0.3579,region_III
P312Y,312,P,Y,-0.07894,-0.03395,-0.731,region_III
W314A,314,W,A,-0.7633,-0.4212,-2.125,region_I
W314F,314,W,F,,-0.5371,-1.788,region_I
W314H,314,W,H,0.1026,-0.07476,-0.5084,region_I
W314M,314,W,M,-0.6293,-0.1875,-1.899,region_I
W314Q,314,W,Q,0.02749,0.06553,-0.9127,region_I
W314S,314,W,S,0.2628,0.02545,-2.224,region_I
W314T,314,W,T,-0.2004,0.3005,-1.662,region_I
W314V,314,W,V,-0.1293,0.2034,-2.377,region_I
W314Y,314,W,Y,-0.2842,-0.1393,-1.121,region_I
K315H,315,K,H,-0.0758,-0.8142,-2.425,region_I
K315L,315,K,L,-0.7288,0.3592,-2.22,region_I
K315Q,315,K,Q,-1.091,-0.2986,-1.72,region_I
K315R,315,K,R,-0.8401,-0.09246,-1.925,region_I
K315W,315,K,W,-0.09671,-0.4323,-1.722,region_I
K315Y,315,K,Y,-1.105,-0.3711,-1.198,region_I
L316I,316,L,I,-0.1191,0.1047,0.5203,region_I
L316M,316,L,M,-0.7413,-0.3559,-1.218,region_I
L316Q,316,L,Q,-0.3533,-0.4215,-0.8574,region_I
L316T,316,L,T,0.1589,-0.04251,0.1804,region_I
L316V,316,L,V,-0.09992,-0.1287,-0.168,region_I
H317A,317,H,A,-0.09421,-0.03025,-0.4513,region_I
H317D,317,H,D,-0.4816,-0.1671,-2.402,region_I
H317F,317,H,F,,-0.01198,-0.8679,region_I
H317M,317,H,M,-0.4655,-0.1878,-0.7861,region_I
H317N,317,H,N,-0.5172,0.05187,-0.76,region_I
H317Q,317,H,Q,-0.1825,-0.05249,0.2702,region_I
H317S,317,H,S,-0.3491,-0.04207,-0.7662,region_I
H317W,317,H,W,0.05355,0.2018,-0.9281,region_I
H317Y,317,H,Y,-0.1213,0.07253,-0.4297,region_I
T318S,318,T,S,-0.2226,0.01701,-0.3398,region_I
S319A,319,S,A,-0.4679,-0.07072,-1.662,region_I
S319G,319,S,G,-0.08736,-0.1206,-1.216,region_I
S319N,319,S,N,-0.2188,-0.001014,-0.7365,region_I
S319R,319,S,R,-0.1706,-0.1216,-1.151,region_I
P320A,320,P,A,-0.3618,-0.2369,-0.6285,none
P320F,320,P,F,-0.2323,0.04062,-1.867,none
P320M,320,P,M,-0.304,0.03248,-1.991,none
P320N,320,P,N,-0.2192,-0.01596,-1.646,none
P320Q,320,P,Q,-0.4188,-0.3817,-2.485,none
P320S,320,P,S,-0.7229,-0.1965,-0.8637,none
P320T,320,P,T,-0.4961,-0.3005,-1.793,none
L321I,321,L,I,-0.8962,-0.7571,-2.159,none
L321M,321,L,M,-0.2326,-0.146,-1.702,none
L321Q,321,L,Q,0.3214,0.2308,-0.3725,none
L321S,321,L,S,,0.2083,-2.495,none
T323A,323,T,A,-0.343,0.0673,-2.046,none
T323Q,323,T,Q,-0.08875,-0.1337,-1.398,none
T323S,323,T,S,-0.1411,0.03218,-0.2443,none
T324A,324,T,A,-0.2696,0.04874,-1.476,none
T324C,324,T,C,-0.5235,0.2364,-2.14,none
T324F,324,T,F,-0.1015,0.1603,-0.7997,none
T324H,324,T,H,0.0228,-0.1235,-1.416,none
T324I,324,T,I,0.02101,0.06862,-0.1039,none
T324L,324,T,L,-0.9114,-0.06708,-1.234,none
T324Q,324,T,Q,-0.5442,-0.00554,-2.127,none
T324R,324,T,R,-0.5638,0.0115,-1.442,none
T324S,324,T,S,-0.02629,0.2275,-0.1882,none
T324V,324,T,V,0.1842,0.09554,0.4242,none
T324Y,324,T,Y,0.2262,0.3368,-0.9656,none
N325A,325,N,A,0.07904,-0.1233,-0.1926,none
N325C,325,N,C,0.2427,0.2148,-1.102,none
N325D,325,N,D,-0.03412,0.05497,0.1629,none
N325E,325,N,E,-0.02346,0.05523,0.2348,none
N325F,325,N,F,-0.1245,-0.227,0.07947,none
N325G,325,N,G,-0.0292,0.1092,-0.389,none
N325H,325,N,H,-0.2548,-0.1109,-1.413,none
N325I,325,N,I,0.06843,0.05423,-0.2475,none
N325K,325,N,K,-0.05052,0.1922,-0.8928,none
N325L,325,N,L,-0.04846,0.1269,-1.082,none
N325M,325,N,M,0.1278,0.3638,-0.1552,none
N325P,325,N,P,0.0502,0.5179,-2.154,none
N325Q,325,N,Q,-0.04728,-0.3489,-0.52,none
N325R,325,N,R,0.01743,-0.1451,-0.2951,none
N325S,325,N,S,-0.02642,-0.1183,0.0098,none
N325T,325,N,T,0.1883,0.4048,0.2572,none
N325V,325,N,V,0.2641,0.01155,-0.7106,none
N325W,325,N,W,0.08129,0.07068,0.3661,none
N325Y,325,N,Y,0.2368,0.02359,0.4269,none
T326A,326,T,A,0.08923,-0.00215,-0.154,none
T326D,326,T,D,-0.1481,-0.301,0.06059,none
T326E,326,T,E,0.3263,0.02672,0.9156,none
T326F,326,T,F,-0.006313,-0.02741,1.0,none
T326G,326,T,G,0.1872,0.1339,0.2236,none
T326H,326,T,H,0.01112,-0.2787,-0.9315,none
T326I,326,T,I,0.1933,-0.01914,0.1106,none
T326K,326,T,K,0.3213,0.3328,-1.51,none
T326L,326,T,L,-0.3405,-0.2893,-0.2783,none
T326M,326,T,M,-0.1345,-0.01949,0.01007,none
T326N,326,T,N,-0.1014,0.1627,-0.5931,none
T326P,326,T,P,0.09908,-0.1059,-0.5336,none
T326Q,326,T,Q,0.05939,-0.2162,-0.1904,none
T326R,326,T,R,-0.1562,0.2122,-1.051,none
T326S,326,T,S,0.01389,0.04229,-0.2248,none
T326V,326,T,V,0.133,-0.009359,-0.09564,none
T326W,326,T,W,0.1868,0.05288,0.1492,none
T326Y,326,T,Y,0.01219,-0.1256,0.1382,none
K327A,327,K,A,0.01357,-0.02594,0.7444,none
K327D,327,K,D,-0.6861,-0.06283,-0.1533,none
K327E,327,K,E,-0.2328,0.005786,0.7126,none
K327F,327,K,F,0.2106,-0.03739,-0.05294,none
K327G,327,K,G,-0.0474,0.05468,0.5603,none
K327H,327,K,H,0.1253,0.3056,0.218,none
K327I,327,K,I,-0.02347,0.1062,0.7468,none
K327L,327,K,L,0.06694,0.04376,0.3952,none
K327M,327,K,M,-0.6247,0.4278,-0.5138,none
K327N,327,K,N,0.03495,0.1081,0.1608,none
K327P,327,K,P,0.04877,-0.007665,-0.7744,none
K327Q,327,K,Q,-0.05747,0.057,-0.4876,none
K327R,327,K,R,-0.07,0.112,0.3018,none
K327V,327,K,V,0.2997,0.05172,0.9176,none
K327W,327,K,W,-0.05613,0.1051,0.9087,none
K327Y,327,K,Y,0.5686,0.1468,0.8487,none
E328A,328,E,A,-0.02692,0.01749,-1.644,none
E328C,328,E,C,-0.3071,0.2408,-2.317,none
E328D,328,E,D,0.04557,0.02669,-0.7704,none
E328F,328,E,F,0.1894,-0.442,-1.665,none
E328G,328,E,G,0.1469,0.33,-0.8253,none
E328K,328,E,K,0.2606,-0.001649,-2.271,none
E328L,328,E,L,0.1728,0.07657,-0.9167,none
E328P,328,E,P,-0.4777,-0.1333,-2.08,none
E328Q,328,E,Q,0.02469,0.04323,-0.4611,none
E328R,328,E,R,0.07432,-0.5339,-2.466,none
E328S,328,E,S,,-0.08426,-1.935,none
E328T,328,E,T,0.4161,0.2403,-1.119,none
E328V,328,E,V,-0.8836,-0.05067,-1.527,none
E328W,328,E,W,0.2223,0.3052,-1.521,none
E328Y,328,E,Y,,-0.2202,-0.9846,none
G329A,329,G,A,-0.04667,-0.07444,-0.159,none
G329C,329,G,C,-0.003483,0.01603,-2.406,none
G329D,329,G,D,-0.5335,0.07259,-1.184,none
G329E,329,G,E,0.1419,-0.01903,-0.7159,none
G329F,329,G,F,0.3013,0.02148,0.1684,none
G329H,329,G,H,-0.03445,0.0881,-0.5712,none
G329I,329,G,I,0.04842,0.2673,-0.4409,none
G329K,329,G,K,0.05757,0.01227,-0.8682,none
G329L,329,G,L,0.04272,-0.1974,-0.4889,none
G329M,329,G,M,-0.5592,0.167,-0.8278,none
G329N,329,G,N,-0.5978,0.5656,-0.791,none
G329P,329,G,P,0.4718,-0.02356,0.1048,none
G329Q,329,G,Q,-0.09057,-0.1154,-0.1734,none
G329R,329,G,R,-0.1551,-0.05017,-0.6335,none
G329S,329,G,S,-0.124,-0.0559,-0.5047,none
G329T,329,G,T,0.03818,0.01855,-0.1757,none
G329V,329,G,V,0.277,0.07143,-0.9077,none
G329W,329,G,W,-0.2304,-0.6964,-0.5501,none
G329Y,329,G,Y,-0.07015,-0.04344,0.07207,none
S330A,330,S,A,-0.3238,-0.1314,0.001475,none
S330C,330,S,C,0.07164,0.1538,-1.586,none
S330D,330,S,D,-0.2296,0.08407,-1.07,none
S330E,330,S,E,0.06685,0.2602,-2.132,none
S330F,330,S,F,-0.09262,0.1107,-0.5165,none
S330G,330,S,G,-0.08337,-0.0156,-0.4737,none
S330H,330,S,H,-0.06272,-0.3553,-1.38,none
S330I,330,S,I,-0.281,-0.1487,-1.765,none
S330K,330,S,K,-0.1567,-0.1822,-0.9869,none
S330L,330,S,L,0.03108,0.06746,-0.686,none
S330M,330,S,M,,0.3064,-0.1769,none
S330N,330,S,N,0.03577,-0.02537,-0.5998,none
S330P,330,S,P,-0.7436,-0.03994,-1.141,none
S330Q,330,S,Q,-0.02049,-0.0502,-0.5312,none
S330R,330,S,R,-0.1451,0.2395,-1.078,none
S330T,330,S,T,0.008035,-0.2549,0.07431,none
S330V,330,S,V,-0.4812,0.1572,-1.252,none
S330W,330,S,W,0.0369,0.05427,-0.4915,none
S330Y,330,S,Y,-0.0249,-0.1328,-0.8113,none
N331A,331,N,A,0.007871,0.1479,-0.6512,none
N331E,331,N,E,0.01465,0.2919,-2.063,none
N331H,331,N,H,0.2701,0.6921,-2.19,none
N331P,331,N,P,-0.2476,-0.3079,-0.9732,none
N331Q,331,N,Q,,-0.3759,-1.494,none
N331S,331,N,S,,-0.05803,-2.074,none
N331T,331,N,T,-0.7774,-0.4578,-2.097,none
N331V,331,N,V,-0.04072,-0.1537,-1.829,none
I332V,332,I,V,-1.466,-0.1316,-1.896,none
L334H,334,L,H,,0.3982,-2.07,none
L334I,334,L,I,-0.0706,-0.1163,0.8528,none
L334M,334,L,M,-0.3473,-0.1068,0.2576,none
L334V,334,L,V,-0.2993,0.009469,-1.188,none
T335C,335,T,C,-0.8678,-0.3689,0.1426,none
T335F,335,T,F,-0.4577,-0.4971,-2.441,none
T335I,335,T,I,0.06681,0.04301,-1.907,none
T335K,335,T,K,-0.09813,-0.1616,-1.52,none
T335L,335,T,L,-0.4953,-0.2236,-1.042,none
T335Q,335,T,Q,-0.7753,0.01862,-2.083,none
T335R,335,T,R,0.03883,0.1231,0.2845,none
T335V,335,T,V,-0.34,-0.324,-1.654,none
T335W,335,T,W,0.6739,-0.2664,-0.6699,none
T337I,337,T,I,0.2157,-0.09558,-1.623,none
T337M,337,T,M,-0.5774,-0.3999,-2.034,none
T337S,337,T,S,-0.4039,-0.06335,-1.187,none
D338A,338,D,A,,0.009783,-2.399,none
D338W,338,D,W,-1.721,-0.5074,-2.002,none
D338Y,338,D,Y,-1.111,-0.4834,-2.486,none
W341F,341,W,F,-0.4754,-0.09669,-0.818,none
W341M,341,W,M,0.01376,0.08691,-1.601,none
W341Y,341,W,Y,-1.155,-0.103,-2.063,none
Y342F,342,Y,F,0.06145,0.1268,0.6502,none
Y342H,342,Y,H,-0.06603,-0.1763,1.09,none
D344A,344,D,A,0.0241,-0.023,-1.292,none
D344E,344,D,E,0.02243,-0.1644,0.521,none
D344F,344,D,F,-0.3234,-0.6114,-2.276,none
D344H,344,D,H,-0.1151,0.05049,-1.05,none
D344L,344,D,L,0.02996,0.2813,-2.292,none
D344M,344,D,M,-0.8155,0.04585,-2.221,none
D344N,344,D,N,0.2572,0.08654,-1.084,none
D344Q,344,D,Q,-0.04293,0.1516,-1.554,none
D344S,344,D,S,0.002817,0.3278,-0.9194,none
D344T,344,D,T,0.03038,0.2063,-2.269,none
N345D,345,N,D,0.05222,0.01104,-0.8962,region_III
N345S,345,N,S,0.02237,0.228,0.2068,region_III
A346G,346,A,G,0.3013,-0.07683,-1.928,region_III
G347D,347,G,D,0.2976,0.1252,0.7077,region_III
S348A,348,S,A,-0.5315,-0.4197,0.7793,region_III
S348C,348,S,C,-1.267,-0.2472,-1.836,region_III
S348D,348,S,D,-0.5574,-0.3936,-0.1271,region_III
S348E,348,S,E,-0.9485,-0.2243,-0.9984,region_III
S348F,348,S,F,-0.09631,-0.216,-0.6898,region_III
S348H,348,S,H,-0.146,-0.1728,-2.343,region_III
S348L,348,S,L,-0.02571,-0.3158,-0.58,region_III
S348M,348,S,M,-0.2434,-0.591,-0.988,region_III
S348Q,348,S,Q,-0.7193,-0.2708,-1.651,region_III
S348T,348,S,T,-0.3621,0.2114,-2.038,region_III
S348V,348,S,V,0.1053,-0.1167,-1.213,region_III
S348Y,348,S,Y,-0.2312,-0.2083,-1.502,region_III
V349A,349,V,A,-0.1233,-0.04642,0.8896,region_III
V349E,349,V,E,-1.521,-0.2986,-1.107,region_III
V349I,349,V,I,-0.2429,0.01482,-0.4214,region_III
V349L,349,V,L,-0.2767,-0.02952,-0.711,region_III
V349M,349,V,M,-0.1262,-0.0148,-1.339,region_III
V349S,349,V,S,-0.5099,-0.1726,-0.5491,region_III
V349T,349,V,T,0.1703,0.1829,-1.074,region_III
V349Y,349,V,Y,-0.2013,-0.1437,-1.626,region_III
S350D,350,S,D,-0.1379,-0.07298,-1.428,region_III
S350N,350,S,N,-0.001599,-0.3147,-2.462,region_III
S350Q,350,S,Q,-0.1726,-0.08964,-1.692,region_III
F351M,351,F,M,0.04053,-0.2925,-0.7056,region_III
F351Y,351,F,Y,-0.5111,0.01217,-0.8466,region_III
F352H,352,F,H,-0.5459,0.6262,-2.41,region_III
F352K,352,F,K,,-0.0714,-2.231,region_III
F352M,352,F,M,0.1424,0.317,-0.5473,region_III
F352W,352,F,W,0.07399,-0.2194,-0.7207,region_III
Q354A,354,Q,A,0.05327,0.1246,-0.4204,none
Q354C,354,Q,C,-0.02188,-0.225,-0.7643,none
Q354D,354,Q,D,,0.08279,-0.8807,none
Q354E,354,Q,E,-0.1113,-0.05563,-0.5605,none
Q354G,354,Q,G,,-0.4302,-2.438,none
Q354H,354,Q,H,-0.2993,-0.1166,-1.254,none
Q354I,354,Q,I,-0.4059,0.2618,0.09932,none
Q354K,354,Q,K,0.5462,-0.004726,0.2095,none
Q354L,354,Q,L,0.3824,0.08851,-0.04849,none
Q354M,354,Q,M,0.1395,-0.1413,0.2138,none
Q354N,354,Q,N,-0.2896,0.3887,-0.3736,none
Q354P,354,Q,P,0.6381,-0.4748,-1.202,none
Q354R,354,Q,R,0.2551,0.0951,0.575,none
Q354S,354,Q,S,-1.123,0.04542,-0.7453,none
Q354T,354,Q,T,0.143,0.0315,-0.1474,none
Q354V,354,Q,V,0.08566,0.1452,0.3168,none
Q354Y,354,Q,Y,,-0.3309,-2.212,none
A355C,355,A,C,-0.004497,-0.1062,-0.7279,none
A355D,355,A,D,-0.2434,-0.1539,-1.442,none
A355E,355,A,E,-0.2927,-0.124,-1.094,none
A355F,355,A,F,-0.2545,-0.09219,-0.7667,none
A355G,355,A,G,-0.05839,0.01283,-0.568,none
A355H,355,A,H,0.08553,0.1792,-0.2076,none
A355I,355,A,I,0.08052,-0.09692,-0.0497,none
A355K,355,A,K,-0.2365,-0.1369,-0.04357,none
A355L,355,A,L,0.1859,0.01577,0.3357,none
A355M,355,A,M,-0.6096,-0.1164,-0.01684,none
A355P,355,A,P,0.2196,0.1337,0.657,none
A355Q,355,A,Q,-0.2292,-0.1998,-0.1837,none
A355R,355,A,R,-0.1937,-0.1489,-0.2315,none
A355S,355,A,S,0.1785,-0.05898,0.03875,none
A355T,355,A,T,-0.09239,-0.08878,-0.03746,none
A355V,355,A,V,-0.1918,0.05859,-0.277,none
A355W,355,A,W,,-0.06756,-0.4412,none
A355Y,355,A,Y,0.1803,0.2761,-0.6389,none
E356A,356,E,A,0.0694,0.09584,-0.2127,none
E356C,356,E,C,-0.8174,-0.3716,-2.151,none
E356D,356,E,D,0.02156,0.1232,-0.004415,none
E356F,356,E,F,-0.3618,0.04041,-0.5078,none
E356G,356,E,G,-0.01754,-0.1847,0.2475,none
E356H,356,E,H,-0.2228,-0.03247,-0.4353,none
E356I,356,E,I,-0.05166,-0.004714,-0.8346,none
E356K,356,E,K,-0.09401,0.08079,-0.0059,none
E356L,356,E,L,-0.1201,0.3554,-1.146,none
E356M,356,E,M,0.06639,0.01619,-0.0315,none
E356N,356,E,N,0.1738,0.2897,0.3155,none
E356P,356,E,P,-0.1337,-0.02156,-0.1435,none
E356Q,356,E,Q,-0.7279,0.1468,-0.5598,none
E356R,356,E,R,-0.5849,-0.03402,-0.0059,none
E356S,356,E,S,-0.0267,-0.004286,-0.02485,none
E356T,356,E,T,0.01252,0.02728,-0.0276,none
E356V,356,E,V,-0.1891,0.09779,-0.499,none
E356W,356,E,W,-0.177,0.003837,-0.4096,none
E356Y,356,E,Y,-0.4842,0.03362,-0.6592,none
T357A,357,T,A,-0.4718,-0.04985,-1.372,none
T357D,357,T,D,-0.1435,0.2012,0.1027,none
T357F,357,T,F,-0.1048,0.1444,-0.4337,none
T357G,357,T,G,-0.02869,0.01228,-1.613,none
T357H,357,T,H,0.06941,-0.1576,-2.186,none
T357K,357,T,K,-0.1886,-0.4451,-2.417,none
T357L,357,T,L,-0.4219,-0.1515,-1.635,none
T357N,357,T,N,-0.3937,0.04488,-2.381,none
T357S,357,T,S,0.4262,0.1419,-0.1916,none
T357V,357,T,V,0.05105,-0.05919,-0.4667,none
T357W,357,T,W,0.3291,-0.06792,-1.792,none
T357Y,357,T,Y,-0.4486,0.2378,-0.648,none
K359F,359,K,F,0.02078,-0.02011,-0.3453,none
K359H,359,K,H,0.01781,-0.1331,-0.3586,none
K359I,359,K,I,-0.6374,-0.05288,-1.139,none
K359L,359,K,L,-0.1505,0.1844,-0.8589,none
K359M,359,K,M,-0.02453,-0.07634,-0.332,none
K359R,359,K,R,0.2221,-0.004231,-0.0248,none
K359T,359,K,T,0.0693,-0.05242,-2.469,none
K359W,359,K,W,-0.1507,-0.3207,-0.6901,none
K359Y,359,K,Y,-0.0442,0.06864,0.3421,none
V360A,360,V,A,,0.1605,-1.204,none
V360D,360,V,D,-0.3766,-0.2032,-1.324,none
V360E,360,V,E,-0.2426,-0.2,-0.1972,none
V360F,360,V,F,-1.003,-0.09216,-2.018,none
V360G,360,V,G,-0.07765,0.07559,-0.609,none
V360H,360,V,H,0.04179,-0.03969,-0.3589,none
V360K,360,V,K,0.5812,0.06847,-0.1019,none
V360L,360,V,L,0.09067,0.1611,-0.3277,none
V360M,360,V,M,0.2917,0.05253,-0.4765,none
V360P,360,V,P,0.04756,0.03255,0.1008,none
V360Q,360,V,Q,-0.5876,0.238,-0.08972,none
V360R,360,V,R,0.01275,0.09099,-0.4548,none
V360S,360,V,S,-0.02478,-0.01765,-0.8101,none
V360T,360,V,T,-0.01395,0.1017,-0.7672,none
V360W,360,V,W,-1.906,-0.3146,-2.421,none
V360Y,360,V,Y,-0.9718,-0.2222,-1.717,none
Q361A,361,Q,A,-0.05824,0.1129,0.6459,none
Q361C,361,Q,C,0.1698,-0.06994,0.3221,none
Q361G,361,Q,G,-0.09115,0.06391,-0.2051,none
Q361H,361,Q,H,-0.2168,0.4532,-1.341,none
Q361I,361,Q,I,0.4376,0.2344,-0.1885,none
Q361K,361,Q,K,-1.083,-0.04283,-1.668,none
Q361L,361,Q,L,0.1645,0.1936,-1.273,none
Q361M,361,Q,M,0.5732,0.09212,-1.165,none
Q361N,361,Q,N,0.09336,0.03365,0.1574,none
Q361R,361,Q,R,-0.173,-0.5698,-0.06633,none
Q361S,361,Q,S,-0.01826,0.07385,-0.9498,none
Q361T,361,Q,T,-0.02091,-0.04657,0.02751,none
Q361V,361,Q,V,0.002926,0.01129,-0.6738,none
Q361Y,361,Q,Y,,-0.5336,-2.107,none
S362A,362,S,A,0.2475,-0.2023,-0.1257,none
S362C,362,S,C,,-0.0312,-2.307,none
S362D,362,S,D,,-0.5451,-2.385,none
S362E,362,S,E,-0.123,-0.164,-1.182,none
S362F,362,S,F,0.005237,0.1025,-0.3711,none
S362G,362,S,G,-0.1429,-0.09684,-0.09017,none
S362H,362,S,H,-0.2714,-0.03608,0.2669,none
S362I,362,S,I,-0.02309,0.1407,-0.169,none
S362K,362,S,K,-0.04865,0.1029,-0.439,none
S362L,362,S,L,0.1104,0.17,0.2788,none
S362M,362,S,M,0.3264,-0.1981,0.0365,none
S362N,362,S,N,-0.1877,-0.2436,0.002175,none
S362P,362,S,P,0.002083,-0.2817,-2.344,none
S362Q,362,S,Q,0.03067,0.08606,0.486,none
S362R,362,S,R,,-0.401,-0.6532,none
S362T,362,S,T,0.03181,0.01787,0.1838,none
S362V,362,S,V,0.329,-0.1655,0.19,none
S362W,362,S,W,0.05531,0.046,-0.2275,none
S362Y,362,S,Y,-0.003437,-0.1272,-0.2637,none
N363A,363,N,A,-0.3421,-0.09156,0.2433,none
N363C,363,N,C,-0.1708,-0.002724,-0.5559,none
N363D,363,N,D,-0.1393,-0.1954,0.1375,none
N363E,363,N,E,-0.1953,-0.09715,0.3463,none
N363F,363,N,F,0.04081,-0.1152,0.1653,none
N363G,363,N,G,0.1773,0.0386,-0.1222,none
N363H,363,N,H,-0.2279,-0.03051,0.0669,none
N363I,363,N,I,-0.02966,-0.1888,-0.02086,none
N363K,363,N,K,-0.231,-0.1314,-0.9782,none
N363L,363,N,L,,-0.158,-1.277,none
N363M,363,N,M,,-0.02899,0.13,none
N363R,363,N,R,-0.1723,0.03964,-0.1134,none
N363S,363,N,S,-0.002596,-0.002144,0.426,none
N363T,363,N,T,-0.01404,0.1031,-0.07895,none
N363V,363,N,V,0.3308,0.06409,0.6755,none
N363W,363,N,W,-0.3115,,0.6411,none
N363Y,363,N,Y,-0.8304,-0.02223,0.5592,none
R364F,364,R,F,-0.567,-0.1695,-1.327,none
R364I,364,R,I,0.04141,-0.1932,-0.7141,none
R364L,364,R,L,0.1719,-0.199,-2.157,none
R364N,364,R,N,-0.1097,-0.3054,-2.303,none
R364Q,364,R,Q,-0.0007314,-0.2922,-2.487,none
R364T,364,R,T,0.006895,-0.05699,-0.9,none
R364V,364,R,V,0.1797,-0.1347,-0.3585,none
R364W,364,R,W,-0.2876,0.2182,-1.02,none
R364Y,364,R,Y,-0.01565,-0.06647,-0.2079,none
V365A,365,V,A,-0.2525,0.04648,-0.4515,none
V365C,365,V,C,-0.1459,0.2769,-0.645,none
V365I,365,V,I,-0.3735,-0.06574,-1.145,none
V365L,365,V,L,-0.2664,0.1436,-1.352,none
F366I,366,F,I,-0.6473,-0.123,-2.498,none
F366W,366,F,W,-0.2385,-0.1989,-1.382,none
F366Y,366,F,Y,-0.05248,-0.02841,-1.378,none
D368E,368,D,E,-0.8443,0.03716,-1.88,region_III
D368N,368,D,N,-0.03456,-0.01755,-0.8258,region_III
T369C,369,T,C,-0.5065,0.2354,-1.585,region_III
T369P,369,T,P,0.05791,-0.02525,0.009,region_III
T369Q,369,T,Q,0.7111,0.1569,-2.407,region_III
M370A,370,M,A,0.08368,0.169,-0.7726,region_III
M370E,370,M,E,-0.1244,-0.01277,-1.742,region_III
M370G,370,M,G,0.0608,0.04772,0.2756,region_III
M370H,370,M,H,-0.08255,-0.1729,-0.5888,region_III
M370I,370,M,I,-0.2554,-0.08441,-2.243,region_III
M370L,370,M,L,0.0336,-0.12,-1.165,region_III
N371A,371,N,A,-0.1492,0.1117,0.6646,region_III
N371C,371,N,C,-0.2417,-0.04185,-0.8885,region_III
N371D,371,N,D,0.1207,0.07848,0.4444,region_III
N371E,371,N,E,-0.3616,-0.1477,0.9452,region_III
N371F,371,N,F,0.007443,-0.379,-1.558,region_III
N371G,371,N,G,-0.2357,-0.1024,0.06721,region_III
N371H,371,N,H,0.1549,0.06855,0.4384,region_III
N371K,371,N,K,-0.04262,0.02087,0.8106,region_III
N371L,371,N,L,-0.09857,-0.07824,0.315,region_III
N371M,371,N,M,-0.2361,-0.1673,0.8776,region_III
N371P,371,N,P,-0.3666,-0.07788,-0.6298,region_III
N371Q,371,N,Q,0.02228,-0.01872,0.8071,region_III
N371R,371,N,R,0.08532,-0.03175,0.1798,region_III
N371S,371,N,S,-0.3896,-0.1243,0.1431,region_III
N371T,371,N,T,0.1244,-0.2968,-0.6796,region_III
N371V,371,N,V,-0.0166,0.06375,-0.8629,region_III
N371W,371,N,W,0.06212,-0.1762,0.173,region_III
N371Y,371,N,Y,0.08523,0.001937,-0.4733,region_III
L373I,373,L,I,-0.05611,0.09463,-0.1312,region_III
L373M,373,L,M,0.06193,0.08994,0.539,region_III
T374C,374,T,C,-0.4064,-0.2544,-1.917,region_III
T374D,374,T,D,-0.4668,0.004241,-1.611,region_III
T374S,374,T,S,-0.1342,-0.1019,-1.994,region_III
L375F,375,L,F,0.1316,0.4981,-0.9749,region_III
L375I,375,L,I,-0.4366,0.05625,-0.807,region_III
L375M,375,L,M,-0.2922,-0.05892,-0.3369,region_III
L375V,375,L,V,,0.1218,-1.657,region_III
L375W,375,L,W,-0.009894,0.1194,0.5383,region_III
P376A,376,P,A,-0.02841,-0.3909,-0.04825,region_III
P376D,376,P,D,0.03421,-0.07154,1.467,region_III
P376E,376,P,E,-0.002152,-0.284,1.231,region_III
P376G,376,P,G,-0.07692,0.1157,-1.124,region_III
P376I,376,P,I,-1.737,-0.5231,-1.855,region_III
P376L,376,P,L,-0.09365,-0.2434,-2.223,region_III
P376M,376,P,M,-0.3768,-0.3095,-1.119,region_III
P376N,376,P,N,-0.7853,-0.2816,-2.189,region_III
P376Q,376,P,Q,-0.1625,-0.168,-0.08594,region_III
P376R,376,P,R,-0.4731,-0.4771,-2.247,region_III
P376S,376,P,S,0.07527,0.2123,-0.2005,region_III
P376T,376,P,T,-0.4278,-0.371,-1.808,region_III
P376V,376,P,V,-0.2457,0.0213,-0.4693,region_III
S377A,377,S,A,-0.1097,-0.1297,0.2866,region_III
S377C,377,S,C,0.04212,-0.01596,0.3798,region_III
S377D,377,S,D,0.1181,-0.2086,-0.1124,region_III
S377E,377,S,E,0.06416,-0.2986,-0.5527,region_III
S377F,377,S,F,-0.2983,-0.01092,-1.104,region_III
S377G,377,S,G,-0.494,-0.1525,-0.7402,region_III
S377H,377,S,H,-0.3707,-0.1921,-1.076,region_III
S377I,377,S,I,0.5739,-0.06023,0.0192,region_III
S377K,377,S,K,-0.08127,-0.0459,-1.93,region_III
S377L,377,S,L,0.0291,0.1081,-0.3171,region_III
S377M,377,S,M,-0.1115,0.2589,-0.5997,region_III
S377N,377,S,N,0.544,-0.1559,-0.2623,region_III
S377P,377,S,P,0.5137,-0.1835,-0.2082,region_III
S377Q,377,S,Q,0.24,0.2031,-0.7013,region_III
S377R,377,S,R,-0.4047,-0.1269,-1.82,region_III
S377T,377,S,T,,0.1351,-0.298,region_III
S377V,377,S,V,-0.04911,-0.1658,-0.3942,region_III
S377W,377,S,W,-0.04114,-0.0228,-0.7973,region_III
S377Y,377,S,Y,,0.2112,-1.262,region_III
E378A,378,E,A,-0.3732,0.2441,-1.649,region_III
E378D,378,E,D,-0.03152,-0.07396,0.00407,region_III
E378Q,378,E,Q,-0.1871,0.01538,-2.386,region_III
E378V,378,E,V,-0.9388,-0.1079,-2.319,region_III
V379A,379,V,A,-0.8058,-0.059,-0.4033,region_I
V379C,379,V,C,-0.01518,0.212,-1.692,region_I
V379I,379,V,I,-0.8386,-0.4532,-0.3512,region_I
V379Q,379,V,Q,-0.3039,-0.007023,-0.9774,region_I
V379S,379,V,S,-1.055,-0.03717,-1.298,region_I
N380A,380,N,A,0.11,0.01093,0.02558,region_I
N380C,380,N,C,-0.1978,-0.04576,0.1521,region_I
N380D,380,N,D,0.005794,-0.1375,0.4471,region_I
N380E,380,N,E,,-0.2646,0.08395,region_I
N380F,380,N,F,-0.1025,-0.205,-0.4911,region_I
N380G,380,N,G,-0.01714,0.1675,0.7155,region_I
N380H,380,N,H,-0.1046,-0.08634,-0.9622,region_I
N380I,380,N,I,-0.1185,-0.04548,-0.0271,region_I
N380K,380,N,K,0.08099,0.1597,0.1795,region_I
N380M,380,N,M,-0.2461,0.1659,-0.3709,region_I
N380P,380,N,P,-0.8787,,-1.92,region_I
N380Q,380,N,Q,-0.02675,0.002347,0.2495,region_I
N380R,380,N,R,-0.301,-0.1187,-0.8851,region_I
N380S,380,N,S,-0.05555,-0.0852,0.1061,region_I
N380T,380,N,T,0.00453,-0.2209,1.125,region_I
N380V,380,N,V,-0.1774,-0.03483,0.2652,region_I
N380W,380,N,W,-0.129,0.1694,-0.5232,region_I
N380Y,380,N,Y,-0.6362,0.003979,-0.6279,region_I
L381A,381,L,A,-0.1331,-0.03565,-0.7909,region_I
L381C,381,L,C,-0.9668,-0.4076,-1.307,region_I
L381D,381,L,D,-0.09729,0.1564,0.07958,region_I
L381E,381,L,E,-0.09938,0.009918,1.354,region_I
L381F,381,L,F,-0.1494,-0.2277,-0.4736,region_I
L381H,381,L,H,-0.5671,-0.2683,-0.8707,region_I
L381M,381,L,M,-0.7926,-0.3816,-0.8592,region_I
L381N,381,L,N,-0.2501,-0.07032,-1.059,region_I
L381Q,381,L,Q,-0.4059,-0.1295,-1.201,region_I
L381S,381,L,S,0.04412,0.07895,-0.2633,region_I
L381T,381,L,T,-0.2525,-0.07038,-0.595,region_I
L381V,381,L,V,-0.4974,0.1898,-1.156,region_I
L381W,381,L,W,0.09531,0.1596,-0.6166,region_I
L381Y,381,L,Y,-0.1507,-0.1767,-0.4365,region_I
V384A,384,V,A,0.1467,-0.1569,-0.3176,region_I
V384C,384,V,C,-0.2134,0.09793,-0.8444,region_I
V384D,384,V,D,0.04472,-0.1968,0.03996,region_I
V384E,384,V,E,0.05466,0.01598,0.8007,region_I
V384F,384,V,F,0.02634,-0.04337,-0.4261,region_I
V384G,384,V,G,-0.1856,-0.1015,-0.6144,region_I
V384H,384,V,H,-0.04013,-0.1737,-1.332,region_I
V384I,384,V,I,-0.1833,0.09362,-0.2802,region_I
V384K,384,V,K,0.4061,-0.4234,-1.497,region_I
V384L,384,V,L,-0.1215,0.0009113,0.1035,region_I
V384M,384,V,M,0.01592,0.08422,-0.7245,region_I
V384P,384,V,P,0.7474,-0.1173,-1.469,region_I
V384Q,384,V,Q,0.1208,0.2355,0.3259,region_I
V384R,384,V,R,0.3407,-0.3309,-0.7936,region_I
V384S,384,V,S,0.1673,-0.0476,-0.1834,region_I
V384T,384,V,T,0.7521,0.007846,-0.9102,region_I
V384W,384,V,W,0.1124,0.02409,-0.4107,region_I
V384Y,384,V,Y,-0.1929,-0.06808,-0.3078,region_I
D385A,385,D,A,-0.02524,-0.8441,-2.077,region_I
D385E,385,D,E,0.2594,-0.01251,-0.9688,region_I
D385N,385,D,N,0.1135,-0.2877,-1.214,region_I
D385Q,385,D,Q,0.2213,-0.3578,-2.003,region_I
I386L,386,I,L,-0.1533,-0.3093,-1.519,region_I
I386M,386,I,M,0.08122,-0.1417,-0.919,region_I
I386V,386,I,V,0.02787,0.003313,-2.31,region_I
F387A,387,F,A,-0.3465,0.1767,-1.679,region_I
F387E,387,F,E,-0.1037,-0.02317,-1.247,region_I
F387G,387,F,G,-0.6157,-0.4146,-2.369,region_I
F387H,387,F,H,-0.268,-0.3238,-1.467,region_I
F387K,387,F,K,0.3026,,-2.361,region_I
F387L,387,F,L,-0.9103,-0.2494,-2.184,region_I
F387M,387,F,M,-0.4612,-0.6504,-1.578,region_I
F387N,387,F,N,-0.3311,0.02909,-1.32,region_I
F387Q,387,F,Q,-1.255,-0.1189,-1.599,region_I
F387S,387,F,S,-0.7788,-0.1912,-2.245,region_I
F387V,387,F,V,-0.01825,0.2474,-1.991,region_I
F387W,387,F,W,-0.2088,-0.2354,-0.8362,region_I
F387Y,387,F,Y,,-0.1409,-1.769,region_I
N388D,388,N,D,0.103,-0.09224,-0.6885,region_I
N388G,388,N,G,-0.05295,-0.08332,-1.32,region_I
N388H,388,N,H,,-0.1173,-1.558,region_I
N388Q,388,N,Q,-0.0272,0.02687,-1.427,region_I
N388S,388,N,S,-1.218,-0.1122,-1.57,region_I
N388T,388,N,T,-0.2877,-0.4946,-1.04,region_I
P389A,389,P,A,-0.001205,-0.1932,-1.635,region_I
P389D,389,P,D,0.2074,-0.3133,-0.2283,region_I
P389E,389,P,E,0.03248,-0.08448,0.02268,region_I
P389F,389,P,F,,-0.1592,-0.8481,region_I
P389G,389,P,G,0.2199,-0.2068,-0.4727,region_I
P389H,389,P,H,-0.4692,-0.2075,-1.208,region_I
P389I,389,P,I,0.197,-0.334,0.1671,region_I
P389K,389,P,K,0.2062,0.09374,-1.999,region_I
P389L,389,P,L,0.04897,-0.3418,-0.5754,region_I
P389M,389,P,M,0.01824,-0.1508,-0.5668,region_I
P389N,389,P,N,0.234,-0.1143,-0.9964,region_I
P389Q,389,P,Q,0.349,-0.1888,-0.2554,region_I
P389R,389,P,R,-1.075,-0.02562,-1.28,region_I
P389S,389,P,S,-0.1582,-0.1771,-1.034,region_I
P389T,389,P,T,-0.03497,-0.08827,-0.3835,region_I
P389V,389,P,V,0.0392,0.09919,-0.5333,region_I
P389W,389,P,W,-0.4475,-0.1867,-0.6836,region_I
P389Y,389,P,Y,0.06832,-0.4089,-0.4343,region_I
K390A,390,K,A,-0.008061,-0.008366,0.3326,region_I
K390D,390,K,D,0.08801,-0.1034,0.7977,region_I
K390E,390,K,E,0.04518,-0.2951,1.442,region_I
K390F,390,K,F,0.6051,-0.3236,-0.3149,region_I
K390G,390,K,G,0.05165,-0.1142,-0.4924,region_I
K390H,390,K,H,-0.1088,0.2405,0.0685,region_I
K390I,390,K,I,-0.1634,-0.188,-0.9947,region_I
K390L,390,K,L,0.2624,0.04519,0.5639,region_I
K390M,390,K,M,0.1071,-0.113,0.6821,region_I
K390N,390,K,N,0.1045,0.2537,0.4394,region_I
K390Q,390,K,Q,-0.0849,-0.1524,0.3007,region_I
K390R,390,K,R,0.006769,0.2924,0.4444,region_I
K390S,390,K,S,0.01784,-0.09605,0.4581,region_I
K390T,390,K,T,-0.1458,-0.09945,-0.08617,region_I
K390V,390,K,V,0.1223,-0.06403,0.2505,region_I
K390W,390,K,W,0.3833,-0.2785,0.6769,region_I
K390Y,390,K,Y,0.01781,-0.02918,-0.4354,region_I
Y391F,391,Y,F,-0.1361,0.0179,-0.4068,none
Y391H,391,Y,H,-0.9366,-0.03583,-1.599,none
Y391W,391,Y,W,-0.5224,-0.4396,-1.562,none
D392N,392,D,N,-0.6654,-0.2463,-1.526,none
K394M,394,K,M,-0.1178,-0.05365,-1.26,none
I395G,395,I,G,,-0.1893,-2.427,none
I395L,395,I,L,,-0.5335,-1.999,none
I395V,395,I,V,-0.512,0.07163,-0.8082,none
M396G,396,M,G,-0.5167,-0.2568,-2.022,none
M396K,396,M,K,,0.107,-2.074,none
M396L,396,M,L,-0.722,-0.02419,-1.795,none
M396Q,396,M,Q,-0.5449,0.2092,-2.274,none
T397P,397,T,P,-0.4951,-0.1758,-0.4032,none
S398G,398,S,G,0.03489,-0.02861,-0.4198,none
S398H,398,S,H,-0.2818,-0.1986,-1.775,none
S398M,398,S,M,-0.3747,-0.1869,-2.12,none
S398T,398,S,T,0.3368,-0.2488,-0.6734,none
S398Y,398,S,Y,-0.1751,-0.1321,-2.429,none
K399I,399,K,I,-1.058,0.1348,-1.739,none
K399M,399,K,M,-0.1368,-0.007864,-2.448,none
K399Q,399,K,Q,-0.09727,0.08331,-1.497,none
K399R,399,K,R,-0.4789,-0.03717,-1.357,none
T400A,400,T,A,-0.643,-0.1971,-2.136,none
T400S,400,T,S,0.185,-0.04172,-1.025,none
T400Y,400,T,Y,-0.6108,-0.1798,-2.269,none
D401A,401,D,A,-0.3124,-0.2706,-2.119,none
D401C,401,D,C,-0.4392,-0.1532,-1.6,none
D401G,401,D,G,-1.208,,-1.954,none
D401I,401,D,I,-0.2783,-0.08798,-2.377,none
D401K,401,D,K,-0.8499,0.04643,-2.149,none
D401M,401,D,M,,0.1311,-2.185,none
D401R,401,D,R,-0.7189,-0.2501,-2.169,none
D401S,401,D,S,-0.383,0.02256,-2.127,none
D401V,401,D,V,0.2616,0.3154,-2.463,none
D401Y,401,D,Y,-0.6858,-0.2723,-2.003,none
V402F,402,V,F,-0.7128,-0.8594,-1.171,none
V402I,402,V,I,-0.2209,-0.05019,0.7811,none
V402L,402,V,L,-0.209,-0.005499,-0.4415,none
V402M,402,V,M,0.0002179,-0.02743,-0.9559,none
V402W,402,V,W,-0.09439,-0.5154,-1.768,none
V402Y,402,V,Y,-0.001494,-0.2013,-0.1905,none
S403A,403,S,A,-0.08239,0.03205,-1.048,none
S403G,403,S,G,-0.5594,-0.1941,-1.885,none
S403I,403,S,I,,-0.8173,-2.389,none
S403T,403,S,T,-0.0004034,-0.09436,-0.5978,none
S404A,404,S,A,-0.07292,-0.1327,-1.583,none
S404I,404,S,I,-0.9002,-0.05163,-2.2,none
S404K,404,S,K,-0.5764,-0.05693,-2.213,none
S404R,404,S,R,-0.1175,-0.04057,-1.004,none
S405A,405,S,A,0.262,-0.006278,-0.1553,none
S405C,405,S,C,-0.5686,-0.2003,-0.8499,none
S405I,405,S,I,-0.3492,-0.256,-1.426,none
S405P,405,S,P,-0.06368,-0.05171,-2.201,none
S405T,405,S,T,0.05329,0.07007,-1.085,none
S405V,405,S,V,-0.2421,-0.4159,-1.819,none
S405W,405,S,W,-0.13,0.2789,-2.135,none
V406A,406,V,A,-0.128,-0.2173,-1.378,none
V406C,406,V,C,-0.2617,-0.03262,-0.8308,none
V406F,406,V,F,-0.1185,0.06383,-1.695,none
V406H,406,V,H,0.2244,0.09253,-0.9233,none
V406I,406,V,I,-0.03033,0.1206,0.2728,none
V406M,406,V,M,-0.1849,-0.1889,-0.5146,none
V406Q,406,V,Q,-0.1034,-0.113,-0.5288,none
V406S,406,V,S,-0.2308,-0.08466,0.1953,none
V406Y,406,V,Y,0.1238,-0.06052,-1.001,none
I407M,407,I,M,-0.1187,0.1329,-1.332,none
I407S,407,I,S,-0.1472,0.3188,-2.43,none
I407T,407,I,T,-0.2498,0.1642,-2.28,none
I407V,407,I,V,-0.3227,0.02172,-1.615,none
T408S,408,T,S,-0.4456,0.0008767,-1.871,none
S409A,409,S,A,0.03751,0.03332,0.1021,none
S409C,409,S,C,-0.1859,-0.2647,-0.4495,none
S409D,409,S,D,0.05385,0.2309,-0.7614,none
S409E,409,S,E,-0.1457,-0.2218,-1.027,none
S409F,409,S,F,0.05621,-0.04646,-0.6605,none
S409G,409,S,G,0.1033,0.07504,-0.8389,none
S409H,409,S,H,0.2882,0.2136,-1.424,none
S409I,409,S,I,0.02064,0.07665,-0.1184,none
S409K,409,S,K,-0.03674,-0.0236,-0.4377,none
S409L,409,S,L,-0.2808,-0.09558,-1.567,none
S409M,409,S,M,0.03984,0.0167,-0.1951,none
S409N,409,S,N,-0.1625,0.1277,-0.6321,none
S409P,409,S,P,0.1253,-0.3491,-1.872,none
S409R,409,S,R,-0.8707,0.4739,-1.429,none
S409T,409,S,T,0.02648,0.1347,-1.269,none
S409V,409,S,V,0.5067,0.05801,-0.2623,none
S409W,409,S,W,-0.09328,-0.3919,-2.116,none
S409Y,409,S,Y,,-0.2839,-1.329,none
L410I,410,L,I,0.129,-0.0361,-0.7163,none
L410M,410,L,M,0.3321,0.02632,-0.2712,none
L410N,410,L,N,0.06672,-0.1312,-2.479,none
L410V,410,L,V,0.2624,0.2458,-0.6701,none
A412C,412,A,C,,-0.7724,-2.415,none
A412S,412,A,S,0.1374,-0.1147,-1.978,none
I413L,413,I,L,-0.4681,0.2576,-0.8846,none
I413M,413,I,M,0.08152,0.07533,0.1263,none
I413V,413,I,V,-0.09998,-0.154,-0.282,none
V414I,414,V,I,,0.1104,0.351,none
V414L,414,V,L,0.05752,-0.05468,-1.909,none
V414M,414,V,M,0.2401,-0.1099,0.3431,none
S415A,415,S,A,0.1581,-0.1026,-0.6855,none
S415C,415,S,C,0.2934,0.02128,-2.284,none
S415G,415,S,G,-0.1818,-0.3687,-0.9363,none
S415V,415,S,V,0.2144,0.07142,-1.37,none
C416E,416,C,E,-0.2015,0.5441,-2.072,none
Y417A,417,Y,A,-0.05903,-0.1065,-0.8831,none
Y417F,417,Y,F,-0.1527,-0.01473,-2.069,none
Y417H,417,Y,H,-0.521,-0.1073,-2.289,none
G418A,418,G,A,-0.4677,0.1134,-1.62,none
G418H,418,G,H,-0.08207,-0.4735,-2.207,none
G418L,418,G,L,-1.275,-0.09034,-2.102,none
G418Q,418,G,Q,-0.38,0.02032,-0.8956,none
G418R,418,G,R,-0.01865,0.1511,-1.844,none
G418S,418,G,S,-0.105,-0.4113,-1.972,none
G418T,418,G,T,-1.273,-0.4727,-0.269,none
G418V,418,G,V,-0.05208,-0.04124,-1.927,none
K419E,419,K,E,0.08087,-0.06784,0.6714,none
K419F,419,K,F,-0.009976,-0.2468,-0.009215,none
K419G,419,K,G,0.6015,0.03911,0.02716,none
K419I,419,K,I,-0.5224,-0.3184,0.1212,none
K419L,419,K,L,-0.396,-0.02671,-0.2268,none
K419M,419,K,M,0.3763,-0.1489,0.493,none
K419N,419,K,N,-0.2558,-0.4046,-0.1389,none
K419P,419,K,P,-0.03804,-0.06569,0.3972,none
K419Q,419,K,Q,-0.02014,-0.1409,-0.06726,none
K419R,419,K,R,-0.1445,-0.2301,-0.5463,none
K419S,419,K,S,0.005592,-0.1152,0.4925,none
K419T,419,K,T,-0.1119,0.09054,0.5193,none
K419V,419,K,V,-0.3907,0.1629,0.6246,none
K419W,419,K,W,,-0.2686,-1.363,none
K419Y,419,K,Y,-0.2843,-0.05092,-0.4597,none
T420A,420,T,A,-0.1179,-0.03993,-1.168,none
T420C,420,T,C,0.1572,-0.2618,-2.245,none
T420D,420,T,D,-0.1481,-0.2279,-1.095,none
T420F,420,T,F,-0.414,-0.4266,-1.925,none
T420I,420,T,I,0.3111,-0.02791,0.07795,none
T420L,420,T,L,-0.1782,-0.2689,-0.1726,none
T420N,420,T,N,-0.731,-0.04227,-1.132,none
T420V,420,T,V,-0.0303,-0.176,1.001,none
T420W,420,T,W,-0.05024,-0.2134,-1.68,none
T420Y,420,T,Y,-0.3403,-0.1959,-2.118,none
K421A,421,K,A,,-0.203,0.3376,none
K421F,421,K,F,0.5375,-0.1689,-0.8175,none
K421H,421,K,H,,-0.5143,-0.9146,none
K421I,421,K,I,-0.2445,-0.3942,0.9309,none
K421L,421,K,L,0.2809,0.1357,-0.397,none
K421M,421,K,M,0.09873,0.05952,0.2684,none
K421Q,421,K,Q,0.1737,-0.1804,-1.235,none
K421S,421,K,S,0.1773,0.08298,0.4478,none
K421T,421,K,T,0.05072,-0.1893,-0.5327,none
K421W,421,K,W,,-0.3943,-0.6459,none
K421Y,421,K,Y,-0.07351,-0.02385,0.3835,none
T423A,423,T,A,0.2429,0.05609,0.447,region_IV
T423D,423,T,D,-1.018,-0.696,-2.241,region_IV
T423M,423,T,M,-0.1465,-0.4088,-2.006,region_IV
T423Q,423,T,Q,0.2429,0.09173,-1.462,region_IV
T423S,423,T,S,-0.02121,-0.3046,-0.3789,region_IV
T423V,423,T,V,0.6056,-0.09857,-0.09817,region_IV
A424C,424,A,C,-0.4881,0.2337,-1.992,region_IV
S425A,425,S,A,0.04087,-0.3864,-0.2682,region_IV
S425C,425,S,C,-1.248,-0.1005,-1.435,region_IV
S425D,425,S,D,-0.6318,-0.01671,-2.173,region_IV
S425E,425,S,E,,-0.06755,-0.4314,region_IV
S425G,425,S,G,-0.8816,0.2451,-1.446,region_IV
S425I,425,S,I,-1.344,-0.02115,-1.934,region_IV
S425N,425,S,N,-0.02107,0.1097,0.05545,region_IV
S425Q,425,S,Q,0.02343,0.184,-0.9964,region_IV
S425T,425,S,T,-0.4055,-0.01555,-0.8172,region_IV
S425V,425,S,V,-0.9384,0.1556,-2.45,region_IV
S425W,425,S,W,-1.011,-0.2748,-1.901,region_IV
N426D,426,N,D,0.1524,-0.3784,-0.587,region_IV
N426E,426,N,E,-0.3466,-0.2326,-2.487,region_IV
N426H,426,N,H,-0.2648,-0.3476,-1.401,region_IV
N426Q,426,N,Q,,0.1556,-2.183,region_IV
N426T,426,N,T,0.5117,0.07473,-2.351,region_IV
K427A,427,K,A,0.1357,-0.1352,-0.8752,region_IV
K427F,427,K,F,-0.005244,-0.05169,-0.7228,region_IV
K427I,427,K,I,-0.7689,-0.1437,-0.6978,region_IV
K427L,427,K,L,,-0.2622,-0.6495,region_IV
K427M,427,K,M,,-0.423,0.1504,region_IV
K427N,427,K,N,-0.05062,0.09276,-2.467,region_IV
K427P,427,K,P,-0.5981,-0.3209,-1.298,region_IV
K427Q,427,K,Q,,-0.2069,-0.5884,region_IV
K427R,427,K,R,0.04376,0.2747,-2.311,region_IV
K427W,427,K,W,-1.549,-0.6317,-0.6768,region_IV
K427Y,427,K,Y,-0.7815,-0.5462,-1.239,region_IV
R429K,429,R,K,-0.07222,-0.269,0.9771,region_IV
R429M,429,R,M,0.04154,-0.1454,0.3815,region_IV
R429Q,429,R,Q,-0.4417,-0.2899,0.8198,region_IV
R429S,429,R,S,0.001776,-0.3768,-1.347,region_IV
I432L,432,I,L,-0.7002,0.4934,-2.188,region_IV
I432T,432,I,T,-1.229,-0.4805,-2.018,region_IV
I432V,432,I,V,0.2804,-0.148,-0.3935,region_IV
K433A,433,K,A,0.06636,0.07121,-1.982,region_IV
K433E,433,K,E,-0.5321,0.1961,-2.33,region_IV
K433F,433,K,F,-0.05395,0.02342,-1.598,region_IV
K433H,433,K,H,-0.1972,0.002224,-0.8149,region_IV
K433I,433,K,I,0.2815,-0.1368,-1.076,region_IV
K433L,433,K,L,-0.224,-0.1912,-1.451,region_IV
K433N,433,K,N,0.276,-0.06903,-2.333,region_IV
K433Q,433,K,Q,-0.2694,-0.03853,-0.9952,region_IV
K433R,433,K,R,0.04487,-0.06971,-0.156,region_IV
K433S,433,K,S,0.05816,0.05418,-2.451,region_IV
K433V,433,K,V,0.001282,-0.2034,-0.419,region_IV
K433Y,433,K,Y,-0.1887,-0.202,-1.268,region_IV
T434A,434,T,A,-0.1045,-0.2759,-0.08375,region_IV
T434D,434,T,D,-0.06794,-0.02932,1.133,region_IV
T434E,434,T,E,-0.4493,-0.04085,0.2264,region_IV
T434I,434,T,I,0.05523,0.05376,-1.433,region_IV
T434L,434,T,L,0.08429,-0.05752,1.119,region_IV
T434M,434,T,M,-0.6478,-0.04115,0.06805,region_IV
T434S,434,T,S,,-0.1677,-0.8239,region_IV
T434Y,434,T,Y,-0.02359,-0.4642,-0.4859,region_IV
F435L,435,F,L,-0.9731,0.2499,-1.839,region_IV
F435M,435,F,M,-0.4248,0.1375,-1.446,region_IV
S436A,436,S,A,0.3288,0.1315,0.4707,region_IV
S436C,436,S,C,0.543,0.2839,-1.429,region_IV
S436D,436,S,D,-0.2404,-0.1615,1.069,region_IV
S436F,436,S,F,,0.3607,-1.008,region_IV
S436G,436,S,G,0.2501,-0.02778,-0.5519,region_IV
S436H,436,S,H,0.2723,-0.5028,-1.91,region_IV
S436I,436,S,I,-0.0006088,-0.06662,-0.5622,region_IV
S436L,436,S,L,,0.1214,-0.113,region_IV
S436M,436,S,M,-0.2597,-0.04801,0.2999,region_IV
S436N,436,S,N,-0.1023,-0.2136,-0.1221,region_IV
S436P,436,S,P,,-0.2912,-0.3664,region_IV
S436Q,436,S,Q,-0.1541,-0.06266,0.5639,region_IV
S436R,436,S,R,0.0446,-0.2011,-2.055,region_IV
S436T,436,S,T,0.05814,0.06069,0.2853,region_IV
S436V,436,S,V,0.08264,0.1952,0.1153,region_IV
N437A,437,N,A,0.5712,0.06236,-0.2929,region_IV
N437E,437,N,E,0.5251,-0.3471,-1.405,region_IV
N437F,437,N,F,0.5524,0.3695,-2.132,region_IV
N437G,437,N,G,-0.04886,-0.0204,-0.4574,region_IV
N437I,437,N,I,0.3486,-0.06027,-2.09,region_IV
N437L,437,N,L,-0.164,-0.0301,-2.288,region_IV
N437M,437,N,M,0.2981,0.2552,-1.614,region_IV
N437P,437,N,P,,0.2295,-1.581,region_IV
N437Q,437,N,Q,0.6544,-0.1322,-1.383,region_IV
N437S,437,N,S,0.1838,-0.06464,-0.4355,region_IV
N437T,437,N,T,0.3285,0.01694,-0.5447,region_IV
N437V,437,N,V,-0.07052,0.2447,-1.732,region_IV
N437W,437,N,W,-0.02829,0.02059,-1.942,region_IV
N437Y,437,N,Y,-0.1584,-0.01457,-2.147,region_IV
D440G,440,D,G,,0.3636,-0.8868,region_IV
D440S,440,D,S,-0.1876,0.4421,-2.326,region_IV
Y441F,441,Y,F,,0.2268,-1.935,region_IV
Y441W,441,Y,W,-0.8873,-0.0969,-2.107,region_IV
V442L,442,V,L,-0.2934,-0.2041,-1.78,region_IV
V442M,442,V,M,-0.5079,-0.2184,-1.396,region_IV
V442Q,442,V,Q,-0.1052,-0.4385,-1.73,region_IV
V442S,442,V,S,0.3537,-0.197,-1.764,region_IV
V442T,442,V,T,0.6749,-0.2666,-0.7596,region_IV
S443A,443,S,A,0.1146,0.02277,-0.3882,region_IV
S443D,443,S,D,0.5544,-0.198,-1.282,region_IV
S443E,443,S,E,0.07448,-0.09621,-1.06,region_IV
S443F,443,S,F,-0.002819,0.06758,-0.1952,region_IV
S443G,443,S,G,-0.06488,0.1321,0.06517,region_IV
S443H,443,S,H,0.08088,-0.106,0.1686,region_IV
S443M,443,S,M,-0.4798,0.1213,-1.268,region_IV
S443N,443,S,N,0.009072,-0.1101,-0.8488,region_IV
S443P,443,S,P,-0.263,0.2076,-0.1996,region_IV
S443Q,443,S,Q,-0.2596,-0.06828,-0.9895,region_IV
S443R,443,S,R,-0.2944,-0.2955,-2.437,region_IV
S443T,443,S,T,-0.3132,-0.1579,-0.2324,region_IV
S443V,443,S,V,-1.086,-0.3671,-1.327,region_IV
S443W,443,S,W,-0.2175,-0.19,0.0204,region_IV
S443Y,443,S,Y,0.2873,-0.09136,-0.9996,region_IV
N444C,444,N,C,0.4595,0.006096,-2.438,region_IV
N444D,444,N,D,-1.572,0.7636,-1.421,region_IV
N444G,444,N,G,-0.5906,-0.09478,-1.159,region_IV
N444H,444,N,H,0.03802,-0.3073,-1.974,region_IV
N444Q,444,N,Q,,-0.3277,-0.8471,region_IV
N444S,444,N,S,-0.1086,-0.07563,0.03808,region_IV
N444T,444,N,T,-0.1627,0.09979,-2.174,region_IV
K445A,445,K,A,-0.3502,0.03865,-0.2208,region_IV
K445C,445,K,C,0.1002,-0.2834,-2.405,region_IV
K445D,445,K,D,,-0.4798,-1.881,region_IV
K445E,445,K,E,-0.1697,-0.3105,-1.231,region_IV
K445F,445,K,F,0.2608,-0.06755,-1.165,region_IV
K445G,445,K,G,-0.3062,-0.1281,0.08608,region_IV
K445I,445,K,I,0.5316,-0.162,-0.3514,region_IV
K445L,445,K,L,0.4847,-0.009967,-1.583,region_IV
K445M,445,K,M,-0.07799,-0.01061,0.1713,region_IV
K445N,445,K,N,0.03652,-0.1285,-0.6863,region_IV
K445Q,445,K,Q,0.6901,-0.002068,-0.7174,region_IV
K445R,445,K,R,0.2283,0.006066,0.1393,region_IV
K445S,445,K,S,0.07064,0.1299,-0.8366,region_IV
K445T,445,K,T,-1.153,-0.06957,-1.042,region_IV
K445V,445,K,V,-0.4813,-0.7126,-0.6521,region_IV
K445Y,445,K,Y,-0.7147,-0.1527,-1.834,region_IV
G446A,446,G,A,,0.003237,-1.893,region_IV
G446D,446,G,D,-0.1495,-0.246,-1.065,region_IV
G446E,446,G,E,0.4096,-0.5114,-2.136,region_IV
G446F,446,G,F,-0.2642,-0.07524,-1.025,region_IV
G446H,446,G,H,0.5674,-0.3789,-1.603,region_IV
G446I,446,G,I,-0.6953,-0.5657,-2.349,region_IV
G446L,446,G,L,0.1076,-0.2237,-2.087,region_IV
G446M,446,G,M,0.02602,-0.343,-0.612,region_IV
G446N,446,G,N,-1.028,0.06311,-1.57,region_IV
G446P,446,G,P,0.09803,-0.1416,-1.571,region_IV
G446V,446,G,V,-0.5652,-0.2143,-2.35,region_IV
G446W,446,G,W,0.0919,0.1702,-0.836,region_IV
G446Y,446,G,Y,-0.6566,-0.2151,-1.95,region_IV
V447A,447,V,A,-0.4449,-0.1347,-1.829,region_IV
V447C,447,V,C,-1.282,0.3288,-2.412,region_IV
V447I,447,V,I,-0.1933,-0.01146,-0.5648,region_IV
V447L,447,V,L,-0.4717,0.1606,-2.234,region_IV
V447P,447,V,P,0.6217,0.0193,-2.148,region_IV
V447T,447,V,T,-0.2751,0.03836,-0.813,region_IV
D448E,448,D,E,0.3,-0.4296,-2.148,region_IV
T449A,449,T,A,-0.5437,0.4758,-1.993,region_IV
T449H,449,T,H,-0.3951,0.2871,-2.107,region_IV
T449N,449,T,N,0.1738,-0.04914,-1.328,region_IV
T449P,449,T,P,-0.784,,-2.348,region_IV
T449Q,449,T,Q,0.02699,0.2596,-1.655,region_IV
T449S,449,T,S,0.02754,-0.005434,-1.218,region_IV
T449W,449,T,W,-0.4546,-0.007393,-0.9228,region_IV
V450L,450,V,L,-0.283,-0.304,-1.482,region_IV
S451A,451,S,A,-0.04708,-0.06469,0.2884,region_IV
S451D,451,S,D,-0.1645,-0.05322,0.714,region_IV
S451E,451,S,E,-0.1868,-0.2086,0.2,region_IV
S451G,451,S,G,-0.09135,-0.01347,-0.5882,region_IV
S451H,451,S,H,-0.7492,-0.05639,-2.405,region_IV
S451I,451,S,I,-0.3297,-0.2825,-1.383,region_IV
S451M,451,S,M,-0.102,0.06741,-0.3554,region_IV
S451N,451,S,N,0.5223,-0.2078,-1.278,region_IV
S451Q,451,S,Q,-0.3681,-0.3653,-1.516,region_IV
S451T,451,S,T,-0.1974,-0.1859,-0.1362,region_IV
S451V,451,S,V,-0.1359,-0.4383,-0.9488,region_IV
S451Y,451,S,Y,,0.279,-2.29,region_IV
V452T,452,V,T,0.04018,-0.2098,-1.28,region_IV
T455C,455,T,C,,-0.1684,-1.597,region_IV
T455I,455,T,I,0.06989,-0.1013,-0.1839,region_IV
T455P,455,T,P,,-0.0595,-1.94,region_IV
T455Q,455,T,Q,0.04498,-0.1415,-1.681,region_IV
T455S,455,T,S,-0.1989,-0.01784,-1.377,region_IV
T455V,455,T,V,0.3525,-0.03784,-1.266,region_IV
L456A,456,L,A,,-0.8158,-1.263,region_IV
L456C,456,L,C,-0.0247,-0.09127,1.331,region_IV
L456D,456,L,D,-0.1401,0.1013,-0.2288,region_IV
L456E,456,L,E,0.4345,0.1873,-0.3516,region_IV
L456F,456,L,F,-0.5395,0.09724,-1.718,region_IV
L456G,456,L,G,-0.0254,0.0397,-0.4317,region_IV
L456H,456,L,H,,0.1538,-1.431,region_IV
L456I,456,L,I,0.1704,0.1412,0.1577,region_IV
L456K,456,L,K,,-0.1196,-1.304,region_IV
L456M,456,L,M,0.03465,-0.1379,-0.2375,region_IV
L456N,456,L,N,,0.0142,0.2427,region_IV
L456Q,456,L,Q,-0.1278,-0.03432,0.7,region_IV
L456R,456,L,R,0.1909,0.139,-1.112,region_IV
L456V,456,L,V,0.172,0.00575,0.6139,region_IV
L456Y,456,L,Y,-0.32,-0.2859,-1.679,region_IV
Y457F,457,Y,F,0.3245,0.1515,-0.551,region_IV
Y457H,457,Y,H,-0.3798,-0.2316,-1.302,region_IV
Y457L,457,Y,L,-0.7046,-0.1578,-1.793,region_IV
Y457N,457,Y,N,-0.04021,-0.1795,-0.191,region_IV
Y457S,457,Y,S,-0.08055,-0.04014,-1.04,region_IV
Y457T,457,Y,T,-0.4952,-0.1282,-1.792,region_IV
Y457V,457,Y,V,-0.3707,-0.04277,-1.792,region_IV
Y457W,457,Y,W,0.58,0.239,-0.4776,region_IV
V459I,459,V,I,-0.1669,0.1207,-1.185,region_IV
V459L,459,V,L,-0.3118,-0.2072,-1.974,region_IV
V459M,459,V,M,-0.5461,-0.002115,-1.626,region_IV
N460E,460,N,E,-0.1671,-0.1886,-1.33,region_IV
N460F,460,N,F,-1.112,-0.0261,-2.277,region_IV
N460H,460,N,H,-0.1834,-0.05368,-2.371,region_IV
N460L,460,N,L,0.5712,-0.3461,-2.172,region_IV
N460M,460,N,M,-0.8655,-0.01511,-2.192,region_IV
N460W,460,N,W,-0.5019,0.05006,-0.254,region_IV
N460Y,460,N,Y,,-0.04658,-2.322,region_IV
K461A,461,K,A,,0.3746,-0.425,region_IV
K461C,461,K,C,-0.09899,-0.001767,-0.9495,region_IV
K461I,461,K,I,-0.1238,-0.1383,-0.8975,region_IV
K461M,461,K,M,,-0.1318,-2.361,region_IV
K461Q,461,K,Q,,-0.7496,-1.22,region_IV
K461R,461,K,R,-0.5147,-0.1959,-1.913,region_IV
K461S,461,K,S,-0.1957,-0.4325,-0.4857,region_IV
K461T,461,K,T,-0.6436,-0.05921,-1.454,region_IV
K461V,461,K,V,-0.4654,-0.2972,-0.5069,region_IV
K461Y,461,K,Y,-0.9362,-0.3636,-1.711,region_IV
Q462A,462,Q,A,0.2259,0.005606,0.1004,region_IV
Q462C,462,Q,C,,-0.7386,-1.619,region_IV
Q462D,462,Q,D,0.243,0.0382,-0.1238,region_IV
Q462E,462,Q,E,0.005753,-0.02376,1.312,region_IV
Q462F,462,Q,F,0.1981,0.06296,0.1608,region_IV
Q462G,462,Q,G,0.1073,-0.01655,0.7587,region_IV
Q462H,462,Q,H,0.5565,-0.01883,0.01915,region_IV
Q462I,462,Q,I,-0.000744,-0.1303,-0.2104,region_IV
Q462K,462,Q,K,-0.1311,-0.02484,-0.9026,region_IV
Q462M,462,Q,M,-0.05775,-0.1479,0.3808,region_IV
Q462N,462,Q,N,0.2275,-0.2048,0.618,region_IV
Q462P,462,Q,P,,0.1796,-1.864,region_IV
Q462R,462,Q,R,,-0.4299,-1.461,region_IV
Q462W,462,Q,W,,-0.265,-0.0473,region_IV
Q462Y,462,Q,Y,0.2363,0.07543,-0.0334,region_IV
E463A,463,E,A,-0.9369,0.2487,-0.6941,region_IV
E463C,463,E,C,0.1034,0.1269,0.2502,region_IV
E463D,463,E,D,0.02342,-0.004818,-0.1193,region_IV
E463F,463,E,F,0.2767,0.2961,-0.9994,region_IV
E463G,463,E,G,0.07166,-0.1289,-1.55,region_IV
E463H,463,E,H,0.1634,-0.05554,-0.9223,region_IV
E463I,463,E,I,0.04576,0.04375,-0.8646,region_IV
E463L,463,E,L,0.03842,-0.4714,-1.492,region_IV
E463M,463,E,M,-0.01296,,-0.9711,region_IV
E463N,463,E,N,-0.2106,0.1205,-0.5651,region_IV
E463P,463,E,P,0.131,0.06194,-0.6909,region_IV
E463Q,463,E,Q,0.05409,0.2689,-0.6842,region_IV
E463S,463,E,S,,-0.6807,-1.174,region_IV
E463V,463,E,V,0.272,0.4442,-0.6842,region_IV
E463W,463,E,W,-0.4361,-0.01247,-0.9616,region_IV
E463Y,463,E,Y,-0.06252,0.01331,-1.013,region_IV
K465A,465,K,A,0.4948,0.2134,0.3145,region_IV
K465C,465,K,C,,0.01577,-2.247,region_IV
K465D,465,K,D,0.06382,-0.2229,-0.7624,region_IV
K465E,465,K,E,0.2583,0.005402,-0.397,region_IV
K465F,465,K,F,-0.2565,-0.01017,-0.0831,region_IV
K465G,465,K,G,0.3077,0.1082,-0.296,region_IV
K465H,465,K,H,0.1662,0.02155,-0.03258,region_IV
K465I,465,K,I,0.5029,0.1841,-1.356,region_IV
K465L,465,K,L,0.05553,-0.08938,-1.414,region_IV
K465M,465,K,M,0.3403,0.02171,0.1201,region_IV
K465N,465,K,N,-0.05326,-0.3398,-0.141,region_IV
K465Q,465,K,Q,0.1684,0.124,0.4079,region_IV
K465R,465,K,R,-0.02334,-0.168,-0.7122,region_IV
K465S,465,K,S,-0.03678,0.004974,0.2233,region_IV
K465T,465,K,T,0.3555,0.006059,-0.03044,region_IV
K465V,465,K,V,-0.0732,-0.2076,-0.6404,region_IV
K465W,465,K,W,-0.06268,-0.2609,0.369,region_IV
K465Y,465,K,Y,0.109,-0.1166,-0.2331,region_IV
S466A,466,S,A,0.2343,-0.2017,0.501,region_IV
S466D,466,S,D,-0.5701,-0.2922,-2.197,region_IV
S466E,466,S,E,,0.05285,-1.228,region_IV
S466F,466,S,F,-0.7173,-0.248,-1.415,region_IV
S466G,466,S,G,,0.3907,-1.28,region_IV
S466H,466,S,H,-0.1741,0.3246,-0.3765,region_IV
S466I,466,S,I,-0.4518,0.07793,-0.4273,region_IV
S466M,466,S,M,-0.7561,-0.2607,-0.7525,region_IV
S466N,466,S,N,0.1112,0.1116,0.2508,region_IV
S466P,466,S,P,-0.3972,-0.07403,-0.5493,region_IV
S466Q,466,S,Q,-0.1402,0.2053,0.2227,region_IV
S466T,466,S,T,,0.1603,-1.175,region_IV
S466V,466,S,V,-0.02652,0.0257,0.4135,region_IV
S466W,466,S,W,-0.4256,-0.1049,-1.41,region_IV
S466Y,466,S,Y,-1.108,0.07271,-1.757,region_IV
L467C,467,L,C,-0.06743,-0.2176,-0.4628,region_IV
L467D,467,L,D,-0.4713,-0.543,-0.9006,region_IV
L467E,467,L,E,-0.2984,-0.4622,-0.2583,region_IV
L467G,467,L,G,,-0.9003,-2.479,region_IV
L467K,467,L,K,,-0.3485,-1.01,region_IV
L467M,467,L,M,0.1917,-0.08789,-0.1165,region_IV
L467Q,467,L,Q,-0.4297,-0.2117,-0.5161,region_IV
L467S,467,L,S,,-0.704,-0.7702,region_IV
L467T,467,L,T,0.04537,-0.003289,-0.7772,region_IV
L467V,467,L,V,,-0.1241,-0.4448,region_IV
L467W,467,L,W,-0.09837,0.08161,0.08163,region_IV
L467Y,467,L,Y,-0.1261,-0.1369,-0.4599,region_IV
Y468F,468,Y,F,-0.6604,-0.03613,-0.2918,region_IV
Y468I,468,Y,I,-0.8666,0.002225,-1.651,region_IV
Y468K,468,Y,K,-0.04681,-0.3545,-2.128,region_IV
Y468L,468,Y,L,0.1317,0.7598,-2.439,region_IV
Y468M,468,Y,M,-0.1778,-0.003347,-1.567,region_IV
Y468V,468,Y,V,-0.03129,-0.1147,-1.22,region_IV
Y468W,468,Y,W,-0.175,0.3069,-2.455,region_IV
V469A,469,V,A,-0.03993,0.0002934,-1.579,region_IV
V469C,469,V,C,-0.02257,-0.1687,-2.007,region_IV
V469E,469,V,E,-0.1191,-0.2766,-2.047,region_IV
V469F,469,V,F,-0.6466,-0.06185,-1.119,region_IV
V469H,469,V,H,-0.1289,0.0977,-0.6144,region_IV
V469I,469,V,I,0.4478,0.08717,-0.1612,region_IV
V469K,469,V,K,-1.09,-0.06315,-1.823,region_IV
V469L,469,V,L,-0.2519,-0.2931,-0.9993,region_IV
V469M,469,V,M,0.3016,-0.1665,-1.105,region_IV
V469N,469,V,N,0.1493,-0.2114,-0.7161,region_IV
V469Q,469,V,Q,0.2982,-0.2655,-1.105,region_IV
V469S,469,V,S,0.7033,0.1075,-2.343,region_IV
V469T,469,V,T,,0.08539,-1.662,region_IV
V469W,469,V,W,-0.008816,-0.2152,-1.453,region_IV
V469Y,469,V,Y,0.8212,0.04213,-0.2816,region_IV
K470A,470,K,A,0.08058,0.06282,-0.5337,region_IV
K470C,470,K,C,-0.3205,0.177,-1.452,region_IV
K470D,470,K,D,0.00556,-0.3578,-0.0404,region_IV
K470E,470,K,E,-0.1386,-0.2302,-0.05815,region_IV
K470F,470,K,F,0.09917,-0.2587,-1.308,region_IV
K470G,470,K,G,0.02993,-0.21,-0.5437,region_IV
K470H,470,K,H,,-0.1508,0.1957,region_IV
K470I,470,K,I,-0.2136,-0.02019,1.04,region_IV
K470L,470,K,L,-0.2329,-0.0621,-0.3823,region_IV
K470M,470,K,M,-0.2411,-0.06741,0.5545,region_IV
K470N,470,K,N,-0.1212,0.2047,0.3162,region_IV
K470P,470,K,P,0.002319,-0.2745,-0.7992,region_IV
K470Q,470,K,Q,0.1854,-0.01139,-0.7632,region_IV
K470R,470,K,R,-0.1048,0.01583,-0.04805,region_IV
K470S,470,K,S,-0.0341,-0.1683,0.221,region_IV
K470T,470,K,T,-0.008834,-0.2077,-0.0611,region_IV
K470V,470,K,V,-0.01811,0.1528,-0.03915,region_IV
K470W,470,K,W,0.004924,0.01819,-0.8746,region_IV
K470Y,470,K,Y,-0.1905,0.02779,-0.07815,region_IV
G471A,471,G,A,-0.4922,0.1261,-1.003,region_IV
G471Q,471,G,Q,-0.06237,-0.3964,-2.47,region_IV
G471S,471,G,S,-1.192,-0.2942,-0.8517,region_IV
E472A,472,E,A,-0.2938,0.05353,-0.8896,none
E472C,472,E,C,-0.532,-0.485,-1.332,none
E472D,472,E,D,,0.01519,-0.06422,none
E472F,472,E,F,0.0838,0.1447,-0.2859,none
E472G,472,E,G,-0.4023,0.02706,-1.377,none
E472H,472,E,H,-0.2506,-0.2517,-0.6317,none
E472I,472,E,I,0.01624,-0.2406,-0.987,none
E472K,472,E,K,0.185,0.05742,-0.9101,none
E472L,472,E,L,-0.05936,-0.2512,-0.5313,none
E472M,472,E,M,-0.3142,-0.2918,0.3208,none
E472N,472,E,N,-0.13,-0.1876,-0.1168,none
E472P,472,E,P,0.3579,0.28,-1.623,none
E472Q,472,E,Q,-0.04862,-0.00765,0.08689,none
E472R,472,E,R,0.02175,-0.07379,-1.762,none
E472S,472,E,S,0.06925,0.01446,-0.445,none
E472T,472,E,T,-0.825,-0.3591,-0.8317,none
E472V,472,E,V,-0.07244,0.04114,-0.2204,none
E472W,472,E,W,-0.3553,-0.3664,-1.52,none
E472Y,472,E,Y,-0.8546,-0.1046,-0.4065,none
P473A,473,P,A,-0.0009995,0.06322,-0.7841,none
P473E,473,P,E,0.1252,0.1335,-1.568,none
I474F,474,I,F,,0.1386,-2.222,none
I474V,474,I,V,0.05303,-0.2255,-1.063,none
I475L,475,I,L,-0.6272,,-1.784,none
I475V,475,I,V,,0.3382,-2.357,none
N476A,476,N,A,-0.6087,0.3664,-0.5668,none
N476C,476,N,C,-1.131,-0.06537,-2.077,none
N476D,476,N,D,-0.01056,-0.3,-0.2545,none
N476E,476,N,E,0.1059,-0.04498,-0.778,none
N476F,476,N,F,-0.1195,-0.05063,-0.5683,none
N476G,476,N,G,-0.4167,-0.08175,-0.3145,none
N476H,476,N,H,0.07736,0.1369,-0.1124,none
N476I,476,N,I,0.2638,0.2683,-0.9032,none
N476K,476,N,K,-0.3375,0.06869,-0.4821,none
N476L,476,N,L,0.01647,0.07645,-1.337,none
N476M,476,N,M,-0.01332,0.05958,-0.6525,none
N476Q,476,N,Q,-0.3355,-0.01511,-0.06531,none
N476R,476,N,R,0.04984,0.0451,-0.1817,none
N476S,476,N,S,0.3707,-0.03678,-0.2062,none
N476T,476,N,T,0.2014,0.1767,-1.024,none
N476V,476,N,V,,-1.073,-0.745,none
N476W,476,N,W,0.02889,0.01292,-1.165,none
N476Y,476,N,Y,-0.2154,0.01508,-0.1616,none
F477A,477,F,A,0.01555,0.03834,-1.74,none
F477G,477,F,G,-0.3013,-0.548,-2.275,none
F477H,477,F,H,-0.003709,-0.1458,-0.7956,none
F477I,477,F,I,0.369,0.0786,-1.565,none
F477K,477,F,K,-0.752,-0.7503,-2.221,none
F477L,477,F,L,-0.2292,-0.2873,-1.167,none
F477M,477,F,M,-0.4848,0.5163,-1.414,none
F477N,477,F,N,0.1893,0.02721,-1.456,none
F477Q,477,F,Q,,-0.2969,-2.359,none
F477S,477,F,S,0.003418,-0.5787,-1.719,none
F477V,477,F,V,0.03088,-0.2438,-1.975,none
F477W,477,F,W,0.2192,0.09728,-0.3508,none
F477Y,477,F,Y,0.1953,-0.2375,-0.2707,none
Y478D,478,Y,D,-0.2711,0.1025,-2.423,none
D479E,479,D,E,-0.2126,0.1354,-1.393,none
D479N,479,D,N,0.3382,-0.3449,-0.9004,none
D479P,479,D,P,-1.118,-0.6075,-2.255,none
D479S,479,D,S,-1.279,0.3771,-1.514,none
P480A,480,P,A,0.2801,-0.005043,-0.1114,none
P480H,480,P,H,-0.2622,-0.2129,-2.459,none
P480I,480,P,I,-0.07493,-0.07929,-1.385,none
P480K,480,P,K,-0.2304,-0.4484,-1.393,none
P480M,480,P,M,-0.2796,-0.2558,-2.358,none
P480Q,480,P,Q,0.1972,0.04087,-2.167,none
P480R,480,P,R,0.3671,-0.2233,-1.333,none
P480S,480,P,S,-0.9561,0.0259,-1.89,none
P480V,480,P,V,0.1398,0.1575,-0.5437,none
L481A,481,L,A,-0.4204,0.03224,-0.01103,none
L481C,481,L,C,0.04311,-0.01996,-1.06,none
L481D,481,L,D,0.06469,-0.006774,0.03181,none
L481E,481,L,E,-0.1185,-0.06342,-0.4025,none
L481F,481,L,F,,0.103,0.3174,none
L481G,481,L,G,0.2031,-0.2468,-0.06526,none
L481H,481,L,H,-0.1431,-0.1792,-0.6169,none
L481I,481,L,I,0.1551,-0.01102,-0.2785,none
L481M,481,L,M,-0.01342,0.05474,0.2474,none
L481N,481,L,N,-0.6808,0.106,-0.1741,none
L481P,481,L,P,-0.004348,0.4956,-1.76,none
L481Q,481,L,Q,0.01974,-0.0475,0.2777,none
L481R,481,L,R,0.09384,-0.06677,-0.4042,none
L481S,481,L,S,-0.7168,0.1232,0.901,none
L481T,481,L,T,0.2057,-0.1029,0.151,none
L481V,481,L,V,0.1444,0.2539,0.2766,none
L481W,481,L,W,0.1863,-0.05298,0.521,none
L481Y,481,L,Y,0.0999,0.03973,0.4917,none
V482C,482,V,C,-0.4811,-0.1686,-1.843,none
V482F,482,V,F,-0.4984,-0.1915,0.4162,none
V482H,482,V,H,0.1944,0.1451,0.0782,none
V482I,482,V,I,-0.01946,0.2096,-0.2931,none
V482L,482,V,L,0.1245,0.00874,-0.4731,none
V482M,482,V,M,-0.4452,-0.1589,0.0871,none
V482N,482,V,N,-0.4675,-0.1318,-1.732,none
V482T,482,V,T,,0.09782,-1.764,none
V482W,482,V,W,-0.03026,-0.1914,0.4727,none
V482Y,482,V,Y,,0.4066,0.5884,none
S485G,485,S,G,,-0.08031,0.9964,none
S485I,485,S,I,-0.1298,-0.05674,-0.3036,none
S485N,485,S,N,-0.4376,-0.2133,-2.109,none
D486A,486,D,A,0.1812,-0.07717,1.064,none
D486G,486,D,G,0.3047,-0.3758,1.269,none
D486L,486,D,L,0.09569,-0.3509,0.137,none
D486N,486,D,N,0.009549,0.08941,0.0758,none
D486Q,486,D,Q,0.3795,0.4808,-1.287,none
D486R,486,D,R,,-0.04801,-0.644,none
D486S,486,D,S,0.09453,0.08433,0.346,none
D486T,486,D,T,,-0.1773,-0.7167,none
D486V,486,D,V,-0.3025,-0.3083,-0.864,none
E487A,487,E,A,0.7508,0.1194,-0.3527,none
E487C,487,E,C,0.007927,-0.05057,-0.4629,none
E487D,487,E,D,-0.1208,0.268,-2.314,none
E487F,487,E,F,0.5577,-0.2442,-0.974,none
E487G,487,E,G,0.4908,-0.1763,0.02818,none
E487H,487,E,H,0.4875,-0.3081,-1.558,none
E487I,487,E,I,0.2032,-0.08493,0.04113,none
E487K,487,E,K,-0.115,-0.1155,-2.01,none
E487M,487,E,M,0.2096,-0.05715,-0.8133,none
E487N,487,E,N,0.06546,-0.01504,-2.152,none
E487Q,487,E,Q,0.08664,-0.3155,-0.0402,none
E487R,487,E,R,-1.597,-0.7831,-1.812,none
E487S,487,E,S,0.06895,-0.1493,-0.3437,none
E487T,487,E,T,0.3893,0.2649,-0.1587,none
E487V,487,E,V,,-0.7586,-1.123,none
E487W,487,E,W,,-0.1107,-1.316,none
E487Y,487,E,Y,,0.23,0.4599,none
F488H,488,F,H,-0.9642,-0.5764,-1.598,none
F488I,488,F,I,-0.239,-0.09637,-1.649,none
F488K,488,F,K,-0.07733,-0.02452,-1.323,none
F488L,488,F,L,-0.2915,-0.2688,-1.44,none
F488M,488,F,M,-0.3008,-0.07073,-1.268,none
F488Q,488,F,Q,0.08872,-0.1234,-0.8093,none
F488R,488,F,R,-0.1965,-0.2016,-1.345,none
F488W,488,F,W,-0.6031,-0.2068,-1.209,none
F488Y,488,F,Y,0.12,-0.1253,-1.775,none
D489F,489,D,F,-1.015,-0.4499,-1.798,none
D489H,489,D,H,-0.9531,-0.6952,-1.873,none
D489P,489,D,P,-0.8745,-0.1943,-1.135,none
D489Q,489,D,Q,,-0.0826,-1.673,none
D489T,489,D,T,-0.8587,-0.6706,-2.283,none
D489Y,489,D,Y,-0.717,-0.7478,-2.078,none
A490C,490,A,C,-0.06339,-0.01984,-0.1058,none
A490G,490,A,G,0.201,-0.3008,-0.653,none
A490S,490,A,S,0.5243,-0.01367,0.08071,none
A490T,490,A,T,0.1659,-0.273,-1.326,none
I492H,492,I,H,,-0.04275,-2.176,none
I492M,492,I,M,-0.6856,-0.1605,-2.478,none
I492V,492,I,V,,0.2412,-1.393,none
S493A,493,S,A,0.1282,0.02093,1.069,none
S493C,493,S,C,-0.8497,0.1353,-0.7681,none
S493D,493,S,D,-0.009775,0.06826,0.4999,none
S493E,493,S,E,-0.1139,0.00636,0.1967,none
S493F,493,S,F,-0.1354,-0.1976,-1.198,none
S493G,493,S,G,-0.05248,-0.0325,-1.264,none
S493H,493,S,H,-0.8539,-0.2642,-2.003,none
S493K,493,S,K,0.6821,-0.1944,-1.667,none
S493L,493,S,L,-0.1625,0.01678,-0.6406,none
S493M,493,S,M,-0.3704,-0.2677,-1.044,none
S493N,493,S,N,0.1614,0.01726,0.2016,none
S493Q,493,S,Q,0.01095,0.09464,-0.2878,none
S493R,493,S,R,-1.372,-0.3614,-1.584,none
S493T,493,S,T,-1.223,0.247,-1.409,none
S493V,493,S,V,-0.003851,-0.2938,-1.338,none
S493Y,493,S,Y,0.3873,-0.1032,-0.3161,none
Q494E,494,Q,E,-1.38,-0.5533,-1.983,none
Q494F,494,Q,F,-0.4765,-0.7713,-2.457,none
Q494I,494,Q,I,-0.5286,-0.124,-2.168,none
Q494M,494,Q,M,-1.099,-0.198,-0.9631,none
Q494S,494,Q,S,-0.4748,-0.1501,-0.3075,none
Q494T,494,Q,T,,-0.2489,-1.072,none
Q494V,494,Q,V,,-0.1261,-0.5421,none
V495I,495,V,I,-0.1283,-0.09364,0.00685,none
V495L,495,V,L,-0.07664,-0.5184,-2.222,none
N496A,496,N,A,-0.6154,-0.3447,-1.183,none
N496E,496,N,E,-0.02525,-0.1217,0.2366,none
N496F,496,N,F,-0.4896,-0.3072,-1.386,none
N496G,496,N,G,0.06817,-0.4564,-2.426,none
N496H,496,N,H,-0.7811,-0.3317,-0.7649,none
N496K,496,N,K,-0.9815,-0.5354,-2.34,none
N496M,496,N,M,-0.7322,0.1235,-1.55,none
N496Q,496,N,Q,-0.5589,-0.2488,-1.194,none
N496R,496,N,R,-0.01191,-0.1515,-1.927,none
N496S,496,N,S,-1.005,-0.2169,-0.8402,none
N496T,496,N,T,-0.1859,-0.3589,-1.433,none
N496W,496,N,W,-0.1245,-0.1247,-0.4854,none
N496Y,496,N,Y,0.08712,-0.1746,-0.3366,none
E497A,497,E,A,-1.063,-0.1388,-1.418,none
E497D,497,E,D,0.07179,-0.2978,-0.9559,none
E497G,497,E,G,-0.5032,-0.09069,-2.338,none
E497H,497,E,H,-0.06925,0.1369,-0.799,none
E497I,497,E,I,0.108,0.07079,-1.819,none
E497L,497,E,L,-0.56,-0.156,-2.214,none
E497M,497,E,M,-0.4614,-0.1599,-2.154,none
E497N,497,E,N,-0.1125,0.04091,-1.966,none
E497Q,497,E,Q,-0.2897,0.02914,-1.393,none
E497S,497,E,S,-0.01741,0.007167,-1.199,none
E497V,497,E,V,-0.3706,-0.2596,-1.916,none
E497W,497,E,W,,-0.3535,-1.727,none
K498F,498,K,F,,-0.4316,-2.443,none
K498I,498,K,I,0.1357,-0.3151,-1.475,none
K498L,498,K,L,,-0.3826,-1.273,none
I499M,499,I,M,-1.111,-0.5044,-2.29,none
I499V,499,I,V,-0.05657,,-1.934,none
Q501A,501,Q,A,0.0712,-0.4693,-1.059,none
Q501D,501,Q,D,-0.08624,-0.3532,-1.633,none
Q501E,501,Q,E,-0.1723,0.08095,-1.636,none
Q501F,501,Q,F,-0.05354,-0.4828,-0.2,none
Q501G,501,Q,G,,0.0002351,-0.9708,none
Q501H,501,Q,H,-0.08198,-0.1074,-0.778,none
Q501I,501,Q,I,-0.3655,-0.3505,-1.622,none
Q501K,501,Q,K,-0.02812,-0.1277,-1.452,none
Q501L,501,Q,L,-0.3022,0.1709,-1.173,none
Q501M,501,Q,M,0.1305,0.0769,-0.08796,none
Q501N,501,Q,N,-0.806,-0.1516,-0.7793,none
Q501R,501,Q,R,-0.05941,-0.1768,-0.1531,none
Q501S,501,Q,S,0.1196,-0.06124,-1.546,none
Q501T,501,Q,T,0.2771,-0.05407,-0.9788,none
Q501V,501,Q,V,0.525,-0.1148,-1.02,none
Q501W,501,Q,W,0.119,-0.105,0.03553,none
Q501Y,501,Q,Y,0.3867,0.2883,-0.7366,none
S502T,502,S,T,0.0446,0.04676,0.7722,none
L503I,503,L,I,-0.5208,-0.003818,-0.5712,none
L503M,503,L,M,0.02978,-0.2462,-1.67,none
L503R,503,L,R,-0.3248,-0.4177,-2.354,none
L503V,503,L,V,-0.04774,0.1298,-1.119,none
L503W,503,L,W,0.07801,-0.1454,-1.254,none
L503Y,503,L,Y,,0.1874,-0.816,none
A504D,504,A,D,0.1346,-0.2402,-1.063,none
A504E,504,A,E,0.2135,-0.09367,-0.4616,none
A504F,504,A,F,-1.073,-0.2578,-0.3887,none
A504G,504,A,G,-0.3877,-0.04126,-1.075,none
A504H,504,A,H,0.5622,0.2058,-0.9569,none
A504I,504,A,I,-0.4099,-0.129,-1.225,none
A504K,504,A,K,0.459,-0.3462,-0.5482,none
A504L,504,A,L,0.04289,0.0683,-1.708,none
A504M,504,A,M,-0.5691,-0.02396,0.373,none
A504Q,504,A,Q,,0.06968,0.2099,none
A504R,504,A,R,-0.2197,0.003572,-1.296,none
A504S,504,A,S,-0.1458,-0.1418,0.1434,none
A504T,504,A,T,0.06614,-0.04073,-0.3177,none
A504V,504,A,V,-0.1667,-0.1432,-1.427,none
A504Y,504,A,Y,0.02973,-0.3408,-0.8508,none
F505A,505,F,A,0.4437,-0.554,-1.549,none
F505D,505,F,D,-0.7509,-0.4546,-2.408,none
F505E,505,F,E,-1.148,-0.3294,-1.998,none
F505H,505,F,H,-0.3299,-0.2565,-1.111,none
F505L,505,F,L,-0.5716,-0.5069,-1.729,none
F505M,505,F,M,-0.005054,-0.3104,-0.5059,none
F505N,505,F,N,-0.1558,-0.1709,-0.8871,none
F505Q,505,F,Q,-0.4512,0.1122,-0.9759,none
F505R,505,F,R,-0.01244,-0.6263,-2.386,none
F505S,505,F,S,-0.01259,-0.1392,-0.736,none
F505T,505,F,T,0.04452,-0.3241,-1.537,none
F505V,505,F,V,-0.7247,-0.8105,-1.438,none
F505W,505,F,W,0.155,-0.1534,0.9081,none
F505Y,505,F,Y,-1.23,-0.3447,-1.325,none
I506A,506,I,A,-1.598,0.1224,-1.497,none
I506E,506,I,E,0.05479,-0.6554,-2.367,none
I506F,506,I,F,-0.2011,-0.3804,-1.825,none
I506H,506,I,H,-0.2479,-0.1987,-2.186,none
I506L,506,I,L,0.05751,-0.0009713,-0.3947,none
I506M,506,I,M,0.1303,0.3594,-0.5183,none
I506N,506,I,N,-0.07746,-0.3948,-1.596,none
I506Q,506,I,Q,,-0.429,-1.631,none
I506S,506,I,S,,0.4551,-2.497,none
I506T,506,I,T,-0.4581,-0.6657,-2.483,none
I506V,506,I,V,-0.4831,-0.01047,-0.5874,none
I506W,506,I,W,,-0.3174,-1.495,none
I506Y,506,I,Y,-0.9112,0.02349,-0.8085,none
R507E,507,R,E,,0.2012,-2.325,none
R507F,507,R,F,-0.1508,0.3947,-0.9474,none
R507H,507,R,H,-0.5155,0.2,0.1065,none
R507I,507,R,I,-0.3352,0.05971,-1.413,none
R507K,507,R,K,0.1066,0.2042,0.2132,none
R507L,507,R,L,1.258,-0.4356,0.5385,none
R507M,507,R,M,0.05292,-0.08983,0.2288,none
R507N,507,R,N,-0.05628,-0.167,-1.15,none
R507Q,507,R,Q,0.1629,0.03011,0.2508,none
R507S,507,R,S,-1.767,0.009239,-0.7502,none
R507T,507,R,T,,-0.4195,-1.047,none
R507V,507,R,V,,0.3307,-1.93,none
R507Y,507,R,Y,-0.1758,-0.264,0.04339,none
K508A,508,K,A,-0.04504,0.1832,-1.54,none
K508F,508,K,F,-0.07429,-0.1503,-0.4863,none
K508H,508,K,H,,-0.04286,-1.96,none
K508I,508,K,I,-0.2721,-0.6744,-1.675,none
K508L,508,K,L,,-0.4503,-1.178,none
K508M,508,K,M,-0.4013,-0.3666,-2.455,none
K508N,508,K,N,-0.08965,-0.08041,-0.4506,none
K508Q,508,K,Q,-0.01728,-0.05803,-0.9624,none
K508S,508,K,S,0.07301,0.3372,-1.295,none
K508V,508,K,V,-0.5416,-0.4146,-1.514,none
K508W,508,K,W,-0.05031,-0.2895,-0.0429,none
K508Y,508,K,Y,-0.4867,-0.3388,-1.544,none
S509A,509,S,A,0.1552,0.1511,-1.025,none
S509C,509,S,C,-0.2306,-0.1455,-2.482,none
S509F,509,S,F,0.06897,-0.2233,0.4586,none
S509G,509,S,G,0.3857,0.06519,-0.6574,none
S509I,509,S,I,-0.1443,-0.5463,-1.995,none
S509M,509,S,M,0.1437,-0.1598,-1.754,none
S509N,509,S,N,0.6772,-0.1609,0.108,none
S509Q,509,S,Q,0.2308,-0.09093,-0.02464,none
S509T,509,S,T,-0.05367,-0.01092,0.381,none
S509V,509,S,V,0.3301,0.009336,-1.558,none
S509W,509,S,W,-0.09817,-0.2354,-0.5772,none
S509Y,509,S,Y,0.0553,-0.08382,0.7519,none
D510A,510,D,A,-0.08849,-0.2687,-0.2766,none
D510E,510,D,E,0.5537,-0.145,0.02749,none
D510L,510,D,L,0.1649,-0.376,-2.055,none
D510N,510,D,N,-0.08556,-0.09695,-1.124,none
D510Q,510,D,Q,-0.1128,-0.2482,-1.456,none
D510S,510,D,S,,-0.007639,-2.014,none
D510T,510,D,T,-0.1753,-0.02757,-1.547,none
D510V,510,D,V,-1.171,-0.3744,-2.03,none
E511A,511,E,A,0.03938,0.04625,-1.264,none
E511D,511,E,D,-0.1704,-0.1883,-0.6673,none
E511F,511,E,F,-1.275,-0.1967,-1.858,none
E511I,511,E,I,-0.1319,-0.2227,-2.437,none
E511L,511,E,L,-0.3047,-0.5789,-1.071,none
E511M,511,E,M,0.4634,-0.0006734,-0.4032,none
E511N,511,E,N,,-0.03745,-2.273,none
E511S,511,E,S,,-0.1986,-0.477,none
E511T,511,E,T,-0.6508,-0.2598,-2.375,none
E511W,511,E,W,0.06843,-0.01535,-0.4515,none
E511Y,511,E,Y,-0.1598,-0.1912,-0.2797,none
L512F,512,L,F,,-0.3141,-0.4896,none
L512I,512,L,I,0.03055,0.03811,0.1696,none
L512M,512,L,M,0.126,-0.2608,-1.103,none
L512V,512,L,V,0.1009,-0.1351,-2.308,none
L512W,512,L,W,-0.1559,0.02111,-1.558,none
L513A,513,L,A,-0.6165,-0.2335,-1.561,none
L513E,513,L,E,-0.9381,-0.04022,-0.8492,none
L513F,513,L,F,0.03787,-0.07597,0.1901,none
L513I,513,L,I,-0.42,-0.7009,-0.6933,none
L513K,513,L,K,-0.212,-0.05562,-2.496,none
L513M,513,L,M,-0.1031,-0.06159,0.2161,none
L513Q,513,L,Q,-0.08314,0.1167,-0.8017,none
L513T,513,L,T,-1.218,0.04537,-1.342,none
L513V,513,L,V,-0.1906,0.08625,-1.163,none
L513W,513,L,W,-0.112,0.03269,1.228,none
L513Y,513,L,Y,-0.03017,-0.1244,0.0865,none
H514A,514,H,A,0.05138,-0.0372,0.61,none
H514D,514,H,D,0.7781,-0.1983,0.373,none
H514E,514,H,E,-0.1311,0.02758,1.351,none
H514F,514,H,F,-0.0237,0.1113,0.7733,none
H514G,514,H,G,-0.1563,-0.4019,-0.9124,none
H514I,514,H,I,-0.2068,0.04119,0.3504,none
H514L,514,H,L,0.1482,-0.1021,0.5534,none
H514M,514,H,M,0.4042,-0.1182,1.192,none
H514N,514,H,N,0.4382,0.1574,0.3602,none
H514Q,514,H,Q,0.6609,0.09934,0.3277,none
H514R,514,H,R,-0.2541,0.1745,-0.7641,none
H514T,514,H,T,-0.1391,-0.04676,-0.2485,none
H514V,514,H,V,-0.1002,0.1461,-0.08072,none
H514W,514,H,W,,0.1463,-0.6721,none
H514Y,514,H,Y,-0.09342,0.1793,0.4209,none
H515D,515,H,D,,0.03142,-1.001,none
H515E,515,H,E,-0.2131,0.1793,0.7582,none
H515F,515,H,F,-1.643,-0.2964,-0.1761,none
H515I,515,H,I,-0.07928,-0.01818,0.3634,none
H515K,515,H,K,0.06075,0.1958,-0.3855,none
H515L,515,H,L,0.1636,-0.08181,1.392,none
H515M,515,H,M,-0.5065,-0.04502,1.115,none
H515N,515,H,N,-0.1547,0.06667,-0.7768,none
H515Q,515,H,Q,0.2186,0.00419,0.8799,none
H515R,515,H,R,0.1494,0.1532,-0.07871,none
H515S,515,H,S,0.08319,0.1925,-0.2415,none
H515T,515,H,T,0.1281,0.09027,-0.2727,none
H515W,515,H,W,-0.2868,-0.2443,-0.01463,none
H515Y,515,H,Y,-0.0249,-0.2421,0.9413,none
V516F,516,V,F,-0.3033,-0.4747,-0.3077,none
V516I,516,V,I,0.1396,0.09304,1.399,none
V516L,516,V,L,-0.1288,-0.2384,-0.5821,none
V516M,516,V,M,-0.2703,-0.08736,-0.0025,none
V516W,516,V,W,-0.2642,-0.1669,-1.295,none
V516Y,516,V,Y,-0.2173,-0.1282,-0.785,none
N517A,517,N,A,-0.06423,-0.08634,-0.4901,none
N517D,517,N,D,0.1205,0.04275,-0.5585,none
N517E,517,N,E,0.1433,0.12,0.7046,none
N517F,517,N,F,0.02256,-0.09114,-0.1051,none
N517I,517,N,I,-0.2299,-0.2179,0.4798,none
N517K,517,N,K,-0.2394,-0.08499,-0.891,none
N517L,517,N,L,-0.8596,-0.2928,-0.14,none
N517M,517,N,M,0.1404,0.05343,0.4413,none
N517Q,517,N,Q,,0.6101,0.7245,none
N517R,517,N,R,-0.02532,0.08017,-0.5369,none
N517S,517,N,S,0.03392,0.01028,-0.8281,none
N517T,517,N,T,-0.1381,-0.01254,-0.2029,none
N517V,517,N,V,,-0.04886,0.2072,none
N517W,517,N,W,,-0.3518,-0.6592,none
N517Y,517,N,Y,0.06902,-0.3119,-0.2891,none
A518D,518,A,D,-0.08215,-0.2187,-0.524,none
A518E,518,A,E,0.03785,0.2406,0.2908,none
A518F,518,A,F,-0.3343,0.2732,-2.346,none
A518G,518,A,G,,0.02767,-1.871,none
A518H,518,A,H,-0.2061,-0.1245,-1.572,none
A518I,518,A,I,-0.2282,-0.2724,-0.2751,none
A518K,518,A,K,0.05307,-0.08187,-0.3022,none
A518L,518,A,L,-0.02726,0.1651,-0.5,none
A518N,518,A,N,,-0.3139,-0.2725,none
A518Q,518,A,Q,0.03751,-0.2397,0.7784,none
A518R,518,A,R,-0.03315,-0.259,-0.2501,none
A518S,518,A,S,-0.4937,-0.1568,-0.6093,none
A518T,518,A,T,-0.4098,-0.1936,-0.8886,none
A518V,518,A,V,0.198,0.03902,-0.7878,none
A518W,518,A,W,-0.2944,-0.1292,0.0187,none
G519C,519,G,C,-0.2829,-0.2488,-1.591,none
G519D,519,G,D,-0.06109,0.006695,-0.521,none
G519E,519,G,E,,-0.03396,-0.9758,none
G519F,519,G,F,-0.01125,-0.08643,1.3,none
G519H,519,G,H,-0.03017,0.05162,0.1972,none
G519I,519,G,I,-0.1327,-0.1218,0.5736,none
G519L,519,G,L,0.155,-0.1726,1.262,none
G519M,519,G,M,-0.07915,-0.09622,1.119,none
G519N,519,G,N,0.1376,0.1441,1.048,none
G519Q,519,G,Q,0.1343,-0.05077,0.3144,none
G519S,519,G,S,0.279,0.1015,0.7591,none
G519T,519,G,T,0.02951,0.02354,0.1213,none
G519V,519,G,V,-0.08854,-0.03731,0.9563,none
G519W,519,G,W,-0.2621,-0.2141,1.452,none
G519Y,519,G,Y,-0.0967,-0.07036,1.151,none
K520A,520,K,A,-0.04182,0.02309,-0.4284,none
K520E,520,K,E,-1.131,0.2841,-1.835,none
K520F,520,K,F,0.05561,-0.2894,1.408,none
K520H,520,K,H,-1.09,-0.2214,-1.544,none
K520I,520,K,I,-0.1285,0.04438,0.3807,none
K520L,520,K,L,-0.2535,0.1375,1.245,none
K520M,520,K,M,0.01031,-0.2289,0.654,none
K520N,520,K,N,-0.04321,0.08,-0.02066,none
K520Q,520,K,Q,-0.09076,-0.1777,0.9798,none
K520R,520,K,R,0.4021,-0.1236,-0.9617,none
K520S,520,K,S,-1.462,0.02188,-1.453,none
K520T,520,K,T,-0.4387,-0.2012,-0.3759,none
K520V,520,K,V,-0.5895,-0.03928,-0.4641,none
K520W,520,K,W,-0.7843,-0.5156,-1.922,none
K520Y,520,K,Y,0.0274,-0.05551,-1.769,none
S521A,521,S,A,0.1595,0.1679,-0.1296,none
S521D,521,S,D,-0.6371,-0.1431,-1.95,none
S521E,521,S,E,-0.006263,0.06369,0.1561,none
S521F,521,S,F,-0.07461,-0.05391,0.6348,none
S521G,521,S,G,,-0.2391,-1.601,none
S521H,521,S,H,0.1757,-0.05636,0.5874,none
S521I,521,S,I,-0.3212,-0.05398,0.6693,none
S521K,521,S,K,0.1835,-0.01936,0.1896,none
S521L,521,S,L,0.0151,0.02104,0.3384,none
S521M,521,S,M,-0.3534,-0.04445,0.3242,none
S521N,521,S,N,-0.132,-0.2132,0.03778,none
S521Q,521,S,Q,0.1178,-0.04446,0.04407,none
S521R,521,S,R,0.4331,0.02391,0.7935,none
S521T,521,S,T,-0.1373,-0.0433,0.1309,none
S521V,521,S,V,0.3015,0.4294,0.4691,none
S521W,521,S,W,-0.1498,0.02902,0.2192,none
S521Y,521,S,Y,-0.1049,0.05839,0.6632,none
T522A,522,T,A,0.134,0.2617,-0.04708,none
T522E,522,T,E,-0.00693,0.1621,-0.2877,none
T522F,522,T,F,-0.213,-0.08853,0.1543,none
T522H,522,T,H,-0.03496,-0.2261,-1.662,none
T522I,522,T,I,-0.2097,0.05337,0.173,none
T522K,522,T,K,0.4646,-0.03262,-0.9673,none
T522L,522,T,L,-0.07547,-0.03224,0.1867,none
T522M,522,T,M,0.07972,0.06722,0.4783,none
T522N,522,T,N,-0.1744,0.1608,-1.573,none
T522Q,522,T,Q,-0.005112,0.1318,-0.3966,none
T522R,522,T,R,-0.0003111,-0.3547,-0.7245,none
T522S,522,T,S,-1.065,-0.4006,-1.226,none
T522V,522,T,V,0.09854,-0.1245,0.1659,none
T522W,522,T,W,-0.2019,-0.1014,-0.075,none
T522Y,522,T,Y,-0.08924,-0.2582,0.414,none
T523A,523,T,A,0.1045,-0.114,-0.03292,none
T523D,523,T,D,-0.004109,-0.2417,-1.642,none
T523F,523,T,F,-0.04396,-0.3588,-0.5508,none
T523H,523,T,H,,0.4015,-1.086,none
T523I,523,T,I,0.01589,0.06478,0.7235,none
T523L,523,T,L,-0.008756,0.018,0.5633,none
T523M,523,T,M,0.197,0.04656,0.8066,none
T523N,523,T,N,-0.06697,0.007324,-1.633,none
T523Q,523,T,Q,,-0.1209,0.5585,none
T523R,523,T,R,-2.569e-06,-0.2296,-2.222,none
T523W,523,T,W,,-0.04334,-1.66,none
T523Y,523,T,Y,0.1016,-0.1182,-0.5682,none
N524A,524,N,A,-0.05803,0.1749,-0.2714,none
N524C,524,N,C,-0.005667,-0.2831,-1.926,none
N524D,524,N,D,-0.4661,-0.02571,-0.178,none
N524E,524,N,E,0.234,0.1534,-2.06,none
N524F,524,N,F,-0.1634,-0.1737,-0.4569,none
N524G,524,N,G,-0.928,-0.02822,-2.255,none
N524H,524,N,H,-0.737,-0.8535,-0.4204,none
N524I,524,N,I,0.0256,-0.09734,-0.0009,none
N524K,524,N,K,0.2392,0.006747,0.0666,none
N524L,524,N,L,0.005293,-0.01978,0.2292,none
N524M,524,N,M,-0.3686,-0.6356,-0.7337,none
N524Q,524,N,Q,0.12,0.08606,0.1527,none
N524R,524,N,R,0.1697,0.01893,-0.7861,none
N524S,524,N,S,-0.05763,-0.02446,-1.062,none
N524T,524,N,T,-0.1653,0.1054,-0.4315,none
N524V,524,N,V,-0.05902,-0.1087,-1.109,none
N524W,524,N,W,-0.2061,-0.1383,0.02992,none
N524Y,524,N,Y,0.6439,-0.09733,-0.2369,none
I525A,525,I,A,,-0.01756,-1.167,none
I525F,525,I,F,,-0.9911,-1.277,none
I525K,525,I,K,0.1809,0.03914,-0.9148,none
I525L,525,I,L,0.2835,-0.04183,-1.562,none
I525R,525,I,R,,0.07549,-1.237,none
I525T,525,I,T,0.04486,0.03623,-2.052,none
I525V,525,I,V,,-0.225,-0.6818,none
I525Y,525,I,Y,0.3063,0.4152,-1.058,none
M526A,526,M,A,,-0.2386,-0.9042,none
M526C,526,M,C,-0.02812,-0.2867,-1.647,none
M526F,526,M,F,-0.09673,0.06622,-0.5042,none
M526I,526,M,I,0.2442,0.02445,0.3497,none
M526L,526,M,L,,0.04991,1.138,none
M526V,526,M,V,0.09489,0.2839,0.5368,none
M526W,526,M,W,0.04734,-0.3355,-1.976,none
M526Y,526,M,Y,,-0.0684,-1.286,none
I527C,527,I,C,0.1537,0.0871,-1.435,none
I527F,527,I,F,-0.07034,-0.06079,0.5969,none
I527L,527,I,L,-0.08752,0.0377,0.403,none
I527M,527,I,M,0.3546,-0.06791,-0.2203,none
I527Q,527,I,Q,0.1794,0.07158,-2.04,none
I527V,527,I,V,-0.02856,-0.08215,-0.8346,none
I527W,527,I,W,-0.02146,-0.1203,-1.033,none
I527Y,527,I,Y,-0.7084,-0.07866,-2.248,none
T528A,528,T,A,-0.1836,-0.03825,-0.2596,none
T528F,528,T,F,-0.7607,0.2683,0.06502,none
T528G,528,T,G,-0.4602,-0.07697,-0.8816,none
T528H,528,T,H,,0.1536,-2.252,none
T528I,528,T,I,-0.007749,-0.06986,0.4377,none
T528K,528,T,K,,0.006228,-2.22,none
T528L,528,T,L,0.496,-0.06861,0.7545,none
T528N,528,T,N,-0.456,0.8398,-1.486,none
T528S,528,T,S,-0.3816,-0.08289,-0.3121,none
T528V,528,T,V,0.2376,0.06443,1.128,none
T528Y,528,T,Y,0.1044,0.1488,0.05125,none
T529A,529,T,A,0.06929,-0.183,0.1848,none
T529I,529,T,I,-0.4054,-0.05094,-0.0145,none
T529L,529,T,L,-0.1293,-0.04315,-0.1669,none
T529V,529,T,V,,0.08991,0.8206,none
